{"id":659991,"cast":[{"cast_id":2,"character":"Robert","credit_id":"5e0d8d92a84ff70018364b98","gender":2,"id":3896,"name":"Liam Neeson","order":0,"profile_path":"/wloLd5YrrlRPiTgfaMJsAx7U6hr.jpg"},{"cast_id":4,"character":"Jack","credit_id":"5e0d8da26dc6c000134c47e6","gender":2,"id":2202462,"name":"Micheál Richardson","order":1,"profile_path":"/z9uCzTIAy9pi3r3X2fDGiYuLCXK.jpg"},{"cast_id":5,"character":"Natalia","credit_id":"5e0d8da85541fa00111ff245","gender":1,"id":129108,"name":"Valeria Bilello","order":2,"profile_path":"/8Qw4i7TLs5h5oayxFWevHZUDFK7.jpg"},{"cast_id":3,"character":"Kate","credit_id":"5e0d8d976dc6c000184c333d","gender":1,"id":30083,"name":"Lindsay Duncan","order":3,"profile_path":"/kx2x62Rhod8wz1XuVDRQfqXpEqE.jpg"},{"cast_id":6,"character":"Luigi","credit_id":"5e0d8db4fd4f8000175d9dc9","gender":0,"id":996844,"name":"Marco Quaglia","order":4,"profile_path":"/w2oRqYtVa8B3ALOrBqajwp72YQf.jpg"},{"cast_id":7,"character":"Marzio","credit_id":"5e0d8db9a84ff700153680f0","gender":0,"id":135145,"name":"Gian Marco Tavani","order":5,"profile_path":"/poGfUrBmJ1tzafAebB2gIWyb7Q3.jpg"},{"cast_id":8,"character":"Raffaella","credit_id":"5e0d8dc59974ee0017a547cc","gender":0,"id":2496634,"name":"Helena Antonio","order":6,"profile_path":"/7etI6F9SIZhJG4Z4hvNKDrxOWZd.jpg"},{"cast_id":37,"character":"Ruth","credit_id":"5f39291b15a4a1003300bdda","gender":1,"id":1709747,"name":"Yolanda Kettle","order":7,"profile_path":null},{"cast_id":38,"character":"Astrid","credit_id":"5f392941519bbb003173b0b8","gender":1,"id":53999,"name":"Eileen Walsh","order":8,"profile_path":"/vQfrnNfyQDiwc1pys052Hg8zSqy.jpg"},{"cast_id":39,"character":"Ree","credit_id":"5f39298115a4a1003300bed5","gender":1,"id":261927,"name":"Souad Faress","order":9,"profile_path":"/fcKAFTwSuhZQndoJstsT6Pcodeg.jpg"},{"cast_id":40,"character":"Clara","credit_id":"5f3929c415a4a10034fe527c","gender":0,"id":1281127,"name":"Lavinia Biagi","order":10,"profile_path":"/iHUAtVjvaDJDBpWSlE1Tz2GidH3.jpg"},{"cast_id":41,"character":"Giovanni","credit_id":"5f3929d7a3b5e60037ec33cd","gender":0,"id":1457955,"name":"Gabriele Tozzi","order":11,"profile_path":null},{"cast_id":42,"character":"Deli Owner","credit_id":"5f392a0946aed400345fb5ce","gender":0,"id":176188,"name":"Flaminia Cinque","order":12,"profile_path":"/em5rya2juvKbPohdeZ3f0P86mU9.jpg"},{"cast_id":43,"character":"Gordon","credit_id":"5f392a21519bbb003173b5a6","gender":2,"id":167831,"name":"Julian Ovenden","order":13,"profile_path":"/7ngG8lUX7G4bRH1fVw62yZVZ2X3.jpg"}],"crew":[{"credit_id":"5f2d8bf3b84f940035835bf7","department":"Production","gender":0,"id":6226,"job":"Executive Producer","name":"Zygi Kamasa","profile_path":null},{"credit_id":"5f2d889baf58cb0035b2ffe3","department":"Production","gender":1,"id":6371,"job":"Producer","name":"Pippa Cross","profile_path":null},{"credit_id":"5f2d8aa5af58cb0034b306a1","department":"Editing","gender":2,"id":11345,"job":"Editor","name":"Mark Day","profile_path":null},{"credit_id":"5f2d8a786a34480035277b97","department":"Costume & Make-Up","gender":1,"id":16340,"job":"Costume Design","name":"Louise Stjernsward","profile_path":null},{"credit_id":"5e0d8d819974ee0017a54792","department":"Directing","gender":2,"id":19655,"job":"Director","name":"James D'Arcy","profile_path":"/m2yEhWXGpxUC9aBFLfJQFEnt0yn.jpg"},{"credit_id":"5f2d8b5a87a27a0035cfbadc","department":"Production","gender":2,"id":19655,"job":"Executive Producer","name":"James D'Arcy","profile_path":"/m2yEhWXGpxUC9aBFLfJQFEnt0yn.jpg"},{"credit_id":"5f2d888587a27a0036cfb6d2","department":"Writing","gender":2,"id":19655,"job":"Writer","name":"James D'Arcy","profile_path":"/m2yEhWXGpxUC9aBFLfJQFEnt0yn.jpg"},{"credit_id":"5f2d8b3aaf58cb0034b309a9","department":"Production","gender":0,"id":20774,"job":"Executive Producer","name":"Janette Day","profile_path":null},{"credit_id":"5f2d8ab9af58cb0034b306ad","department":"Camera","gender":2,"id":68543,"job":"Director of Photography","name":"Mike Eley","profile_path":"/8pWxnYqVtmtpfDzYP4x1LOv5RBN.jpg"},{"credit_id":"5f2d8bb5af58cb0034b30a81","department":"Production","gender":2,"id":69883,"job":"Executive Producer","name":"Peter Watson","profile_path":null},{"credit_id":"5f2d8a036a3448003527770f","department":"Costume & Make-Up","gender":0,"id":75485,"job":"Hair Designer","name":"Noriko Watanabe","profile_path":null},{"credit_id":"5f2d8a0baf58cb0033b301be","department":"Costume & Make-Up","gender":0,"id":75485,"job":"Makeup Designer","name":"Noriko Watanabe","profile_path":null},{"credit_id":"5f2d8a85af58cb0035b30f20","department":"Art","gender":0,"id":125262,"job":"Production Design","name":"Stevie Herbert","profile_path":null},{"credit_id":"5f2d8ca56a34480035278879","department":"Production","gender":2,"id":865418,"job":"Executive Producer","name":"Fabrizio Donvito","profile_path":"/iRtwasgu6Bk187JotYSq9jjMtlW.jpg"},{"credit_id":"5f2d8c8991f0ea0036360270","department":"Production","gender":2,"id":1118298,"job":"Executive Producer","name":"Marco Cohen","profile_path":null},{"credit_id":"5f2d8966b84f940037835dfe","department":"Production","gender":2,"id":1333644,"job":"Line Producer","name":"Michael S. Constable","profile_path":null},{"credit_id":"5f2d8c996840cc0035d13bb0","department":"Production","gender":0,"id":1356833,"job":"Executive Producer","name":"Benedetto Habib","profile_path":null},{"credit_id":"5f2d88ba91f0ea003835ffa2","department":"Production","gender":0,"id":1533490,"job":"Casting Director","name":"Martin Ware","profile_path":null},{"credit_id":"5f2d8b2687a27a0036cfbf28","department":"Production","gender":2,"id":1544275,"job":"Executive Producer","name":"Alessandro Mascheroni","profile_path":null},{"credit_id":"5f2d88ceaf58cb0034b30003","department":"Sound","gender":2,"id":1606169,"job":"Music Supervisor","name":"Iain Cooke","profile_path":null},{"credit_id":"5f2d8b696a344800352783fa","department":"Production","gender":0,"id":1651925,"job":"Executive Producer","name":"Martin Rushton-Turner","profile_path":null},{"credit_id":"5f2d8aae87a27a0034cfb85d","department":"Editing","gender":2,"id":1771230,"job":"Editor","name":"Anthony Boys","profile_path":null},{"credit_id":"5f2d8c2d6840cc0038d14284","department":"Production","gender":2,"id":1805083,"job":"Executive Producer","name":"Anders Erdén","profile_path":null},{"credit_id":"5f2d8b0eaf58cb0034b30732","department":"Sound","gender":2,"id":2012608,"job":"Original Music Composer","name":"Alex Belcher","profile_path":"/RzVxdQXIozrF6BwufFG1lxbVg.jpg"},{"credit_id":"5f2d8bfe6840cc0037d134d6","department":"Production","gender":0,"id":2055956,"job":"Executive Producer","name":"Peter Touche","profile_path":null},{"credit_id":"5f2d88ab91f0ea003735fca6","department":"Production","gender":0,"id":2090846,"job":"Producer","name":"Sam Tipper-Hale","profile_path":null},{"credit_id":"5f2d8ba2af58cb0033b3085c","department":"Production","gender":0,"id":2320640,"job":"Executive Producer","name":"Marie-Gabrielle Stewart","profile_path":null},{"credit_id":"5f2d8b3112eb89003723addd","department":"Production","gender":0,"id":2327067,"job":"Executive Producer","name":"Daniel Campos Pavoncelli","profile_path":null},{"credit_id":"5f2d89586840cc0036d1326b","department":"Production","gender":0,"id":2517138,"job":"Line Producer","name":"Alberto Monte","profile_path":null}]}