{"cast":[{"character":"John Constantine","credit_id":"52fe4252c3a36847f8015399","release_date":"2005-02-08","vote_count":4301,"video":false,"adult":false,"vote_average":6.9,"title":"Constantine","genre_ids":[18,14,27],"original_language":"en","original_title":"Constantine","popularity":25.61,"id":561,"backdrop_path":"\/tIG8FwHRiHLOlWJdizp2oxdkSL2.jpg","overview":"John Constantine has literally been to Hell and back. When he teams up with a policewoman to solve the mysterious suicide of her twin sister, their investigation takes them through the world of demons and angels that exists beneath the landscape of contemporary Los Angeles.","poster_path":"\/vPYgvd2MwHlxTamAOjwVQp4qs1W.jpg"},{"character":"Detective Tom Ludlow","credit_id":"52fe42ebc3a36847f802cf67","poster_path":"\/csXyZ1BsDBlH0PXkOFWxggEf9WF.jpg","id":1266,"video":false,"vote_count":811,"adult":false,"backdrop_path":"\/5L8fRnGRiJCReB7Y4cBSiktmhb1.jpg","genre_ids":[28,80,18,53],"original_language":"en","original_title":"Street Kings","popularity":20.494,"title":"Street Kings","vote_average":6.5,"overview":"Tom Ludlow is a disillusioned L.A. Police Officer, rarely playing by the rules and haunted by the death of his wife. When evidence implicates him in the execution of a fellow officer, he is forced to go up against the cop culture he's been a part of his entire career, ultimately leading him to question the loyalties of everyone around him.","release_date":"2008-04-10"},{"character":"Jack Traven","credit_id":"52fe4307c3a36847f8034f55","release_date":"1994-06-09","vote_count":3890,"video":false,"adult":false,"vote_average":7,"title":"Speed","genre_ids":[28,12,80],"original_language":"en","original_title":"Speed","popularity":27.062,"id":1637,"backdrop_path":"\/eidO9z8CjyVjD2Rs48JXjFUFR8s.jpg","overview":"Los Angeles SWAT cop Jack Traven is up against bomb expert Howard Payne, who's after major ransom money. First it's a rigged elevator in a very tall building. Then it's a rigged bus--if it slows, it will blow, bad enough any day, but a nightmare in LA traffic. And that's still not the end.","poster_path":"\/Apu3Ecg11bIEEiKLnbhagGtWNg7.jpg"},{"character":"Ted Logan","credit_id":"52fe4308c3a36847f80355cb","release_date":"1989-02-17","vote_count":1014,"video":false,"adult":false,"vote_average":6.8,"title":"Bill & Ted's Excellent Adventure","genre_ids":[12,35,878],"original_language":"en","original_title":"Bill & Ted's Excellent Adventure","popularity":27.655,"id":1648,"backdrop_path":"\/ynYdEr7WskeM9dy6oNAQUGldAtE.jpg","overview":"Bill and Ted are high school buddies starting a band. They are also about to fail their history class—which means Ted would be sent to military school—but receive help from Rufus, a traveller from a future where their band is the foundation for a perfect society. With the use of Rufus' time machine, Bill and Ted travel to various points in history, returning with important figures to help them complete their final history presentation.","poster_path":"\/qcLGk8CkZW4rHK1kqD9Jdst5vd8.jpg"},{"character":"Ted Logan","credit_id":"52fe4308c3a36847f80356c9","poster_path":"\/tldtDfLnPFOtTWp758EmIP2Hbz5.jpg","id":1649,"video":false,"vote_count":659,"adult":false,"backdrop_path":"\/j7qq6d6tv2s8D4kX4tcT8McS7l4.jpg","genre_ids":[12,35,14,878,10402],"original_language":"en","original_title":"Bill & Ted's Bogus Journey","popularity":25.418,"title":"Bill & Ted's Bogus Journey","vote_average":6.2,"overview":"Amiable slackers Bill and Ted are once again roped into a fantastical adventure when De Nomolos, a villain from the future, sends evil robot duplicates of the two lads to terminate and replace them. The robot doubles actually succeed in killing Bill and Ted, but the two are determined to escape the afterlife, challenging the Grim Reaper to a series of games in order to return to the land of the living.","release_date":"1991-07-19"},{"character":"Siddharta","credit_id":"52fe430cc3a36847f8036979","poster_path":"\/xy70xtdoKZ3PxlKkakwdhL3UFDQ.jpg","id":1689,"video":false,"vote_count":248,"adult":false,"backdrop_path":"\/js0Ydo0QKqb3BooWts1vI3D4h5S.jpg","genre_ids":[18,36],"original_language":"en","original_title":"Little Buddha","popularity":11.611,"title":"Little Buddha","vote_average":6.3,"overview":"After the death of Lama Dorje, Tibetan Buddhist monks find three children — one American and two Nepalese — who may be the rebirth of their great teacher.","release_date":"1993-12-01"},{"character":"Kevin Lomax","credit_id":"52fe4317c3a36847f80396f3","poster_path":"\/5ZzBGpxy55OQzHxKVY11IpY6a0o.jpg","id":1813,"video":false,"vote_count":3650,"adult":false,"backdrop_path":"\/i9lR2jLV0dHVfVs1u6QqqbQAE9I.jpg","genre_ids":[18,9648,53,14,27],"original_language":"en","original_title":"The Devil's Advocate","popularity":28.048,"title":"The Devil's Advocate","vote_average":7.4,"overview":"A hotshot lawyer gets more than he bargained for when he learns his new boss is Lucifer himself.","release_date":"1997-10-17"},{"character":"Nelson","credit_id":"52fe4322c3a36847f803cc3d","poster_path":"\/3biEHZSBSYqSkawU2sQyNbLcjgE.jpg","id":1921,"video":false,"vote_count":812,"adult":false,"backdrop_path":"\/lDtmwXg6nknzViEQ5SDkk4D1WEZ.jpg","genre_ids":[18,10749],"original_language":"en","original_title":"Sweet November","popularity":22.519,"title":"Sweet November","vote_average":6.7,"overview":"Nelson is a man devoted to his advertising career in San Francisco. One day, while taking a driving test at the DMV, he meets Sara. She is very different from the other women in his life. Nelson causes her to miss out on taking the test and later that day she tracks him down. One thing leads to another and Nelson ends up living with her through a November that will change his life forever.","release_date":"2001-02-16"},{"character":"Alex Wyler","credit_id":"52fe432fc3a36847f8040ddd","release_date":"2006-06-16","vote_count":1752,"video":false,"adult":false,"vote_average":6.8,"title":"The Lake House","genre_ids":[18,9648,10749],"original_language":"en","original_title":"The Lake House","popularity":24.075,"id":2044,"backdrop_path":"\/27BUhE6bYl7Wo7sHgmQa0DrezWX.jpg","overview":"A lonely doctor who once occupied an unusual lakeside home begins exchanging love letters with its former resident, a frustrated architect. They must try to unravel the mystery behind their extraordinary romance before it's too late.","poster_path":"\/tHpc1118dYWLnHZleGhwZxRbpae.jpg"},{"character":"Klaatu","credit_id":"52fe43409251416c7500942b","release_date":"2008-12-10","vote_count":2228,"video":false,"adult":false,"vote_average":5.5,"title":"The Day the Earth Stood Still","genre_ids":[18,878,53],"original_language":"en","original_title":"The Day the Earth Stood Still","popularity":21.871,"id":10200,"backdrop_path":"\/iejDBhNCQwvzp1IuTmOY9L2VZsK.jpg","overview":"A representative of an alien race that went through drastic evolution to survive its own climate change, Klaatu comes to Earth to assess whether humanity can prevent the environmental damage they have inflicted on their own planet. When barred from speaking to the United Nations, he decides humankind shall be exterminated so the planet can survive.","poster_path":"\/mrw9NShY6I2FgXwk8Ge437pn08N.jpg"},{"character":"Shane Falco","credit_id":"52fe43659251416c7500ec87","poster_path":"\/15jMvQh8sn4DZfSxiZWKRx7Lp4t.jpg","id":10393,"video":false,"vote_count":550,"adult":false,"backdrop_path":"\/3yWDPuxSDJHEzAPSultsb7vtR8q.jpg","genre_ids":[35],"original_language":"en","original_title":"The Replacements","popularity":19.144,"title":"The Replacements","vote_average":6.5,"overview":"Maverick old-guard coach Jimmy McGinty is hired in the wake of a players' strike to help the Washington Sentinels advance to the playoffs. But that impossible dream hinges on whether his replacements can hunker down and do the job. So, McGinty dusts off his secret dossier of ex-players who never got a chance (or screwed up the one they were given) and knits together a bad-dream team of guys who just may give the Sentinels their title shot.","release_date":"2000-08-07"},{"character":"Fred\/Bob Arctor","credit_id":"52fe4397c3a36847f8060009","release_date":"2006-05-25","vote_count":1139,"video":false,"adult":false,"vote_average":6.8,"title":"A Scanner Darkly","genre_ids":[16,878,53],"original_language":"en","original_title":"A Scanner Darkly","popularity":16.417,"id":3509,"backdrop_path":"\/fdrQusLbssk6WEpyZXVDmyRlylE.jpg","overview":"An undercover cop in a not-too-distant future becomes involved with a dangerous new drug and begins to lose his own identity as a result.","poster_path":"\/72kQ9tlP0fweBmbTqzkfUCTUUS.jpg"},{"character":"Conor O'Neill","credit_id":"52fe43fdc3a368484e0097ff","poster_path":"\/uyPlrTdkN06sZv1I5nMC65qReGk.jpg","id":20857,"video":false,"vote_count":297,"adult":false,"backdrop_path":"\/dilxpqJFfQHuI7ZqvoMWl6I30Xe.jpg","genre_ids":[18],"original_language":"en","original_title":"Hardball","popularity":12.332,"title":"Hardball","vote_average":6.4,"overview":"An aimless young man who is scalping tickets, gambling and drinking, agrees to coach a Little League team from the Cabrini Green housing project in Chicago as a condition of getting a loan from a friend.","release_date":"2001-09-14"},{"character":"Eddie Kasalivich","credit_id":"52fe44ba9251416c7503ee45","release_date":"1996-08-02","vote_count":616,"video":false,"adult":false,"vote_average":5.6,"title":"Chain Reaction","genre_ids":[28,18,878,53],"original_language":"en","original_title":"Chain Reaction","popularity":16.858,"id":12123,"backdrop_path":"\/aCF54i60qmTriWUAKbGDqzp52vm.jpg","overview":"Two researchers in a green alternative energy project forced on the run when they are framed for murder and treason.","poster_path":"\/vWkF2tfnrRBHExZmGeOC9bM0siq.jpg"},{"character":"Paul Sutton","credit_id":"52fe450ac3a36847f80b8b63","release_date":"1995-08-11","vote_count":479,"video":false,"adult":false,"vote_average":6.9,"title":"A Walk in the Clouds","genre_ids":[18,10749],"original_language":"en","original_title":"A Walk in the Clouds","popularity":16.581,"id":9560,"backdrop_path":"\/p0LajotMSSyxCdW2vgvX3sY2HRE.jpg","overview":"World War II vet Paul Sutton falls for a pregnant and unwed woman who persuades him -- during their first encounter -- to pose as her husband so she can face her family.","poster_path":"\/tIvDOmWlbQYiFdwQXel5on5qjR9.jpg"},{"character":"Jjaks Clayton","credit_id":"52fe450f9251416c7504a6e1","release_date":"1996-09-13","vote_count":89,"video":false,"adult":false,"vote_average":5.5,"title":"Feeling Minnesota","genre_ids":[28,35,18,53],"original_language":"en","original_title":"Feeling Minnesota","popularity":10.565,"id":12656,"backdrop_path":"\/e0H6q1aXO4jmDSWHdG6j39h23ij.jpg","overview":"Sam Clayton's (Vincent D'Onofrio) marriage to ex-stripper Freddie (Cameron Diaz) comes about when she's strong-armed into the match by Red (Delroy Lindo), a club proprietor who once did her a favor. But Freddie falls in love with Jjaks (Keanu Reeves), Sam's brother, and the pair tries to escape the situation together. It isn't long before both Sam and Red catch up with them, resulting in threats against the two of them -- although tension also starts to build between Sam and Red.","poster_path":"\/ovUrgUHjOROxcHYUZ9owDpzXc6k.jpg"},{"character":"Johnny Mnemonic","credit_id":"52fe4541c3a36847f80c3d27","release_date":"1995-05-26","vote_count":790,"video":false,"adult":false,"vote_average":5.6,"title":"Johnny Mnemonic","genre_ids":[28,12,18,878,53],"original_language":"en","original_title":"Johnny Mnemonic","popularity":17.125,"id":9886,"backdrop_path":"\/5SUJYI5kdfktjPqSQSj2dpqmaL8.jpg","overview":"In a dystopian 2021, Johnny is a data trafficker who has an implant that allows him to securely store data too sensitive for regular computer networks. On one delivery run, he accepts a package that not only exceeds the implant's safety limits—and will kill him if the data is not removed in time—but also contains information far more important and valuable than he had ever imagined. On a race against time, he must avoid the assassins sent to kill him and remove the data before it, too, ends his life.","poster_path":"\/enZDhzrgL0ehJZ64wblRlglp6xq.jpg"},{"character":"Himself \/ Neo","credit_id":"52fe45fe9251416c75069747","release_date":"2001-11-19","vote_count":126,"video":false,"adult":false,"vote_average":6.8,"title":"The Matrix Revisited","genre_ids":[99],"original_language":"en","original_title":"The Matrix Revisited","popularity":10.758,"id":14543,"backdrop_path":"\/lBdXACywnLwKUZmZkZ87djDQBeV.jpg","overview":"The film goes behind the scenes of the 1999 sci-fi movie The Matrix.","poster_path":"\/fNG2JOskhQnttmAaj2knM5h59Io.jpg"},{"character":"Kai","credit_id":"52fe46e4c3a368484e0a98cd","poster_path":"\/xDHnmcroujCRG0ysYQaiswjbyHd.jpg","id":64686,"video":false,"vote_count":2550,"adult":false,"backdrop_path":"\/nyt0jlofZyjhRqiQkEp0cdoKaS3.jpg","genre_ids":[18,28,12,14],"original_language":"en","original_title":"47 Ronin","popularity":21.948,"title":"47 Ronin","vote_average":6.1,"overview":"Kai—an outcast—joins Oishi, the leader of 47 outcast samurai.  Together they seek vengeance upon the treacherous overlord who killed their master and banished their kind.  To restore honour to their homeland, the warriors embark upon a quest that challenges them with a series of trials that would destroy ordinary warriors.","release_date":"2013-12-06"},{"character":"Winston Connelly","credit_id":"52fe46ef9251416c9106491d","release_date":"1988-04-15","vote_count":36,"video":false,"adult":false,"vote_average":6.4,"title":"The Night Before","genre_ids":[35],"original_language":"en","original_title":"The Night Before","popularity":6.471,"id":38966,"backdrop_path":"\/pHYFBeIZtQkt0inqXk0aImxvlc6.jpg","overview":"The Night Before is a 1988 film starring Keanu Reeves and Lori Loughlin. Reeves plays Winston Connelly, the so-called high school nerd and vice president of the Astronomy club. Loughlin plays Tara Mitchell, the pretty and popular head cheerleader who also happens to be the local police chief's daughter. The Tagline was: \"You lost your father's car. Sold your prom date. And a guy named 'Tito' wants you dead.\" It was filmed and set entirely in Los Angeles, California.","poster_path":"\/fAm7q29aXTT0eDKPxuXzAGm6dKR.jpg"},{"character":"Narrator","credit_id":"52fe47afc3a36847f8142bdb","release_date":"2006-11-03","vote_count":3,"video":false,"adult":false,"vote_average":6.7,"title":"The Great Warming","genre_ids":[99],"original_language":"en","original_title":"The Great Warming","popularity":1.287,"id":49917,"backdrop_path":null,"overview":"We are living at the dawn of a new epoch. Year by year, degree by degree, Earth is growing warmer... a legacy of the Industrial Revolution, population growth, and our addiction to technology, speed and power. Just as other generations spoke of a Great Plague and a Great Depression, our children will be compelled to endure The Great Warming - and find a way to conquer its consequences. Filmed in eight countries on four continents, endorsed by dozens of the world's leading scientists, this is the most factually accurate, visually stunning and wide-ranging production ever mounted about this complex, fascinating subject.","poster_path":null},{"character":"Chris Townsend","credit_id":"52fe47edc3a36847f814f9bb","poster_path":"\/kBCvglm9fmN13DYD6xWd6AVaYEk.jpg","id":51321,"video":false,"vote_count":29,"adult":false,"backdrop_path":"\/6OJPIMHwUk2mrhCyq56uSxuzmqz.jpg","genre_ids":[18],"original_language":"en","original_title":"Permanent Record","popularity":7.878,"title":"Permanent Record","vote_average":6.4,"overview":"David Sinclair seems to have everything going for him: he's smart, musically talented, and very successful. To top off his senior year in high school, his band is trying to get a recording session. Therefore, David's suicide leaves everyone, especially his best friend and band-mate, Chris, with a lot of questions.","release_date":"1988-04-22"},{"character":"Henry Torne","credit_id":"52fe4856c3a36847f8162747","release_date":"2010-01-14","vote_count":209,"video":false,"adult":false,"vote_average":5.8,"title":"Henry's Crime","genre_ids":[35,80],"original_language":"en","original_title":"Henry's Crime","popularity":13.43,"id":53172,"backdrop_path":"\/mXXtAzJcMJVDZjhXaadoKDBTKjH.jpg","overview":"An aimless man is sent to prison for a crime he did not commit.","poster_path":"\/1i1sDWOZecbUZ4Yp9DG5UiTBBRl.jpg"},{"character":"John","credit_id":"52fe4ab8c3a368484e1636a5","poster_path":"\/8n1Ww3FZQ3VE8OU7vhHClFLzxZG.jpg","id":124972,"video":false,"vote_count":50,"adult":false,"backdrop_path":"\/dgkVgaQ32onmOTzw13nNV6Xm5j5.jpg","genre_ids":[18],"original_language":"en","original_title":"Generation Um...","popularity":6.375,"title":"Generation Um...","vote_average":4.2,"overview":"A drama that follows three adults during a single day in Los Angeles, one filled with sex, drugs, and indecision.","release_date":"2012-07-11"},{"character":"Self","credit_id":"52fe4ad2c3a36847f81e394d","release_date":"2012-08-19","vote_count":195,"video":false,"adult":false,"vote_average":7.3,"title":"Side by Side","genre_ids":[99],"original_language":"en","original_title":"Side by Side","popularity":10.631,"id":110354,"backdrop_path":null,"overview":"Since the invention of cinema, the standard format for recording moving images has been film. Over the past two decades, a new form of digital filmmaking has emerged, creating a groundbreaking evolution in the medium. Keanu Reeves explores the development of cinema and the impact of digital filmmaking via in-depth interviews with Hollywood masters, such as James Cameron, David Fincher, David Lynch, Christopher Nolan, Martin Scorsese, George Lucas, Steven Soderbergh, and many more.","poster_path":"\/qeeQ7rfTAXNYh4EqqdolFLkNwKM.jpg"},{"character":"Himself","credit_id":"52fe4dc99251416c75140b31","release_date":"2004-04-06","vote_count":25,"video":false,"adult":false,"vote_average":6.7,"title":"The Matrix Recalibrated","genre_ids":[99,878],"original_language":"en","original_title":"The Matrix Recalibrated","popularity":6.945,"id":221495,"backdrop_path":null,"overview":"The making of Matrix Revolutions, The (2003) is briefly touched on here in this documentary. Interviews with various cast and crew members inform us how they were affected by the deaths of Gloria Foster and Aaliyah, and also delve into the making of the visual effects that takes up a lot of screen time. Written by Rhyl Donnelly","poster_path":"\/gRni1Q651AZPnLqZczmahiIxG0s.jpg"},{"character":"John Wick","credit_id":"52fe4f0cc3a36847f82b9c41","release_date":"2014-10-22","vote_count":13119,"video":false,"adult":false,"vote_average":7.3,"title":"John Wick","genre_ids":[28,53],"original_language":"en","original_title":"John Wick","popularity":27.417,"id":245891,"backdrop_path":"\/7dzngS8pLkGJpyeskCFcjPO9qLF.jpg","overview":"Ex-hitman John Wick comes out of retirement to track down the gangsters that took everything from him.","poster_path":"\/h3VxEVUOoBZmo79O8RqKvyGiqmE.jpg"},{"character":"Detective Scott Galban","credit_id":"550de835c3a368211c0005a1","release_date":"2016-01-22","vote_count":349,"video":false,"adult":false,"vote_average":4.9,"title":"Exposed","genre_ids":[80,18,53],"original_language":"en","original_title":"Exposed","popularity":16.019,"id":331962,"backdrop_path":"\/niGowOt2WKLTi1QaYcF4HDPprjj.jpg","overview":"After witnessing a miracle, a young Latina woman experiences strange things as a police detective searches for the truth behind his partner's death.","poster_path":"\/nM26QosEfgjEegONCiNNrYMBTxD.jpg"},{"character":"Narration","credit_id":"556e1a67c3a3680e960011dd","release_date":"2015-03-15","vote_count":184,"video":false,"adult":false,"vote_average":6.8,"title":"Deep Web","genre_ids":[99],"original_language":"en","original_title":"Deep Web","popularity":10.113,"id":321769,"backdrop_path":"\/ayfUwTMNSYcra3IfYhP4Et8iRPb.jpg","overview":"Deep Web gives the inside story of one of the most important and riveting digital crime sagas of the century -- the arrest of Ross William Ulbricht, the 30-year-old entrepreneur convicted of being 'Dread Pirate Roberts,' creator and operator of online black market Silk Road. As the only film with exclusive access to the Ulbricht family, Deep Web explores how the brightest minds and thought leaders behind the Deep Web and Bitcoin are now caught in the crosshairs of the battle for control of a future inextricably linked to technology, with our digital rights hanging in the balance.","poster_path":"\/wCpPVSodnlNTzgcefMwNFQT49aQ.jpg"},{"character":"John Wick","credit_id":"558cfff0c3a3687e65008ee6","release_date":"2017-02-08","vote_count":8192,"video":false,"adult":false,"vote_average":7.2,"title":"John Wick: Chapter 2","genre_ids":[28,80,53],"original_language":"en","original_title":"John Wick: Chapter 2","popularity":49.058,"id":324552,"backdrop_path":"\/fRLftkwv8jm3DLxXOf2NbngHjPB.jpg","overview":"John Wick is forced out of retirement by a former associate looking to seize control of a shadowy international assassins’ guild. Bound by a blood oath to aid him, Wick travels to Rome and does battle against some of the world’s most dangerous killers.","poster_path":"\/hXWBc0ioZP3cN4zCu6SN3YHXZVO.jpg"},{"character":"Evan Webber","credit_id":"5342cb37c3a368150f003a88","release_date":"2015-06-26","vote_count":1916,"video":false,"adult":false,"vote_average":5.1,"title":"Knock Knock","genre_ids":[18,27,53],"original_language":"en","original_title":"Knock Knock","popularity":25.525,"id":263472,"backdrop_path":"\/3tTG8eHmOY9Ic6F5tLYRmDXCLOc.jpg","overview":"When a devoted husband and father is left home alone for the weekend, two stranded young women unexpectedly knock on his door for help. What starts out as a kind gesture results in a dangerous seduction and a deadly game of cat and mouse.","poster_path":"\/cUC4rUb1Cs2KMaZ6RD4uYUEEwls.jpg"},{"character":"Dr. William Beckham","credit_id":"57568b4f9251416e25002213","release_date":"2017-01-22","vote_count":2695,"video":false,"adult":false,"vote_average":7.3,"title":"To the Bone","genre_ids":[18],"original_language":"en","original_title":"To the Bone","popularity":17.804,"id":401104,"backdrop_path":"\/en6RCcsjVPeuWBjIwne6eogHhrz.jpg","overview":"A young woman dealing with anorexia meets an unconventional doctor who challenges her to face her condition and embrace life.","poster_path":"\/rgPysl0uMpxllv43r4udHuRAhn4.jpg"},{"character":"Richard Ramsey","credit_id":"550de4349251417624000f43","release_date":"2016-03-25","vote_count":688,"video":false,"adult":false,"vote_average":6.4,"title":"The Whole Truth","genre_ids":[18,53],"original_language":"en","original_title":"The Whole Truth","popularity":24.945,"id":331583,"backdrop_path":"\/sHDlvjOeXTKsgdBnF5AeGHVFpUd.jpg","overview":"A defense attorney works to get his teenage client acquitted of murdering his wealthy father.","poster_path":"\/iL3Bx4YOqYdAMlx4czLyygA09MC.jpg"},{"character":"William Foster","credit_id":"57990befc3a3687e7d002f42","release_date":"2018-10-25","vote_count":745,"video":false,"adult":false,"vote_average":5.9,"title":"Replicas","genre_ids":[878,53],"original_language":"en","original_title":"Replicas","popularity":20.443,"id":300681,"backdrop_path":"\/sHPfBVFq7dlnXCz1zFdbEdwcBDJ.jpg","overview":"A scientist becomes obsessed with returning his family to normalcy after a terrible accident.","poster_path":"\/hhPBTAn9b4TYOxc1JYNsX4BFAlW.jpg"},{"character":"Thomas A. Anderson \/ Neo","credit_id":"52fe425bc3a36847f80181c1","release_date":"1999-03-30","vote_count":17633,"video":false,"adult":false,"vote_average":8.1,"title":"The Matrix","genre_ids":[28,878],"original_language":"en","original_title":"The Matrix","popularity":54.319,"id":603,"backdrop_path":"\/ByDf0zjLSumz1MP1cDEo2JWVtU.jpg","overview":"Set in the 22nd century, The Matrix tells the story of a computer hacker who joins a group of underground insurgents fighting the vast and powerful computers who now rule the earth.","poster_path":"\/f89U3ADr1oiB1s9GkdPOEpXUk5H.jpg"},{"character":"Thomas A. Anderson \/ Neo","credit_id":"52fe425cc3a36847f801836f","release_date":"2003-05-15","vote_count":7098,"video":false,"adult":false,"vote_average":6.9,"title":"The Matrix Reloaded","genre_ids":[28,12,878,53],"original_language":"en","original_title":"The Matrix Reloaded","popularity":27.702,"id":604,"backdrop_path":"\/sDxCd4nt3eR4qOCW1GoD0RabQtq.jpg","overview":"Six months after the events depicted in The Matrix, Neo has proved to be a good omen for the free humans, as more and more humans are being freed from the matrix and brought to Zion, the one and only stronghold of the Resistance.  Neo himself has discovered his superpowers including super speed, ability to see the codes of the things inside the matrix and a certain degree of pre-cognition. But a nasty piece of news hits the human resistance: 250,000 machine sentinels are digging to Zion and would reach them in 72 hours. As Zion prepares for the ultimate war, Neo, Morpheus and Trinity are advised by the Oracle to find the Keymaker who would help them reach the Source.  Meanwhile Neo's recurrent dreams depicting Trinity's death have got him worried and as if it was not enough, Agent Smith has somehow escaped deletion, has become more powerful than before and has fixed Neo as his next target.","poster_path":"\/8xEVAe84zlL9rkfYT6dZXero4KK.jpg"},{"character":"Thomas A. Anderson \/ Neo","credit_id":"52fe425cc3a36847f80184f5","release_date":"2003-11-03","vote_count":6386,"video":false,"adult":false,"vote_average":6.6,"title":"The Matrix Revolutions","genre_ids":[28,12,878,53],"original_language":"en","original_title":"The Matrix Revolutions","popularity":26.405,"id":605,"backdrop_path":"\/vay7LlUASz0W25ZEwDMWaOL299N.jpg","overview":"The human city of Zion defends itself against the massive invasion of the machines as Neo fights to end the war at another front while also opposing the rogue Agent Smith.","poster_path":"\/8IpEO76zc1GuHiFVE5aCEL03qJs.jpg"},{"character":"Thomas \"Neo\" Anderson (Voice)","credit_id":"52fe48e6c3a36847f817f771","poster_path":"\/yrQucnH1Mlxp1N8mXr1fRhFI7st.jpg","id":55931,"video":false,"vote_count":920,"adult":false,"backdrop_path":"\/gh1FaDG6vWyMhumt4K6wEFxrvNm.jpg","genre_ids":[16,878],"original_language":"en","original_title":"The Animatrix","popularity":26.014,"title":"The Animatrix","vote_average":7.1,"overview":"Straight from the creators of the groundbreaking Matrix trilogy, this collection of short animated films from the world's leading anime directors fuses computer graphics and Japanese anime to provide the background of the Matrix universe and the conflict between man and machines. The shorts include Final Flight of the Osiris, The Second Renaissance, Kid's Story, Program, World Record, Beyond, A Detective Story and Matriculated.","release_date":"2003-05-09"},{"character":"Lucas Hill","credit_id":"58925941c3a368461e000081","release_date":"2018-07-13","vote_count":304,"video":false,"adult":false,"vote_average":4.9,"title":"Siberia","genre_ids":[80,53,10749],"original_language":"en","original_title":"Siberia","popularity":22.796,"id":438689,"backdrop_path":"\/3RSPY10KWQsMJKtNUzhKNZZQxL9.jpg","overview":"Lucas, a diamond trader who travels to Saint Petersburg to arrange a sale, discovers that his Russian business partner has left his hotel and gone to a small Siberian village, so Lucas also heads there to try find him.","poster_path":"\/eGfIsvdrUhTlQOkxQIELU7obDYj.jpg"},{"character":"John Wick","credit_id":"591d49ad925141499001b005","release_date":"2019-05-15","vote_count":5593,"video":false,"adult":false,"vote_average":7.4,"title":"John Wick: Chapter 3 - Parabellum","genre_ids":[28,80,53],"original_language":"en","original_title":"John Wick: Chapter 3 - Parabellum","popularity":76.661,"id":458156,"backdrop_path":"\/vVpEOvdxVBP2aV166j5Xlvb5Cdc.jpg","overview":"Super-assassin John Wick returns with a $14 million price tag on his head and an army of bounty-hunting killers on his trail. After killing a member of the shadowy international assassin’s guild, the High Table, John Wick is excommunicado, but the world’s most ruthless hit men and women await his every turn.","poster_path":"\/ziEuG1essDuWuC5lpWUaw1uXY2O.jpg"},{"character":"Ted Logan","credit_id":"5a70e6059251413757015d2f","release_date":"2020-08-27","vote_count":3,"video":false,"adult":false,"vote_average":5,"title":"Bill & Ted Face the Music","genre_ids":[12,35,878],"original_language":"en","original_title":"Bill & Ted Face the Music","popularity":59.575,"id":501979,"backdrop_path":"\/zeVs5f9zY5W4Lf0CUlFpsHDusnj.jpg","overview":"Yet to fulfill their rock and roll destiny, the now middle aged best friends Bill and Ted set out on a new adventure when a visitor from the future warns them that only their song can save life as we know it. Along the way, they will be helped by their daughters, a new batch of historical figures, and a few music legends — to seek the song that will set their world right and bring harmony in the universe.","poster_path":"\/y9YLNfUOrqFbYl8q1FpQuuo5MLx.jpg"},{"character":"Neo","credit_id":"5d5c58dbc4904800167c7da0","release_date":"2022-03-30","vote_count":0,"video":false,"adult":false,"vote_average":0,"title":"The Matrix 4","genre_ids":[28,878],"original_language":"en","original_title":"The Matrix 4","popularity":12.566,"id":624860,"backdrop_path":null,"overview":"The fourth installment in The Matrix franchise. Plot unknown.","poster_path":"\/dzIyVgE18JHUodQgF7L5XT4i0XF.jpg"},{"character":"Himself","credit_id":"5d6e976965686e5b5e879c19","release_date":"2019-09-20","vote_count":408,"video":false,"adult":false,"vote_average":6,"title":"Between Two Ferns: The Movie","genre_ids":[35],"original_language":"en","original_title":"Between Two Ferns: The Movie","popularity":15.803,"id":584962,"backdrop_path":"\/m0yUUv4U8AL2RLizSauwZ9TOpXx.jpg","overview":"Galifianakis dreamed of becoming a star. But when Will Ferrell discovered his public access TV show, 'Between Two Ferns' and uploaded it to Funny or Die, Zach became a viral laughing stock. Now Zach and his crew are taking a road trip to complete a series of high-profile celebrity interviews and restore his reputation.","poster_path":"\/cHxc8v1GkzdjjhF2qnpG6wdXrOT.jpg"},{"character":"Scott Favor","credit_id":"52fe4247c3a36847f8011cf9","release_date":"1991-02-01","vote_count":629,"video":false,"adult":false,"vote_average":7,"title":"My Own Private Idaho","genre_ids":[12,18],"original_language":"en","original_title":"My Own Private Idaho","popularity":11.328,"id":468,"backdrop_path":"\/stSaFz5CtMXwIj3r4MDjqxqWRot.jpg","overview":"In this loose adaptation of Shakespeare's \"Henry IV,\" Mike Waters is a gay hustler afflicted with narcolepsy. Scott Favor is the rebellious son of a mayor. Together, the two travel from Portland, Oregon to Idaho and finally to the coast of Italy in a quest to find Mike's estranged mother. Along the way they turn tricks for money and drugs, eventually attracting the attention of a wealthy benefactor and sexual deviant.","poster_path":"\/uJY5RGgU1DMTpxFjJ4ccaUzJH2C.jpg"},{"character":"FBI Special Agent John 'Johnny' Utah","credit_id":"52fe42e7c3a36847f802b8a1","release_date":"1991-01-31","vote_count":2137,"video":false,"adult":false,"vote_average":7.1,"title":"Point Break","genre_ids":[28,80,53],"original_language":"en","original_title":"Point Break","popularity":26.268,"id":1089,"backdrop_path":"\/ykuDQ7DsIRuaGLqBkUXxtWdZYQf.jpg","overview":"In Los Angeles, a gang of bank robbers call themselves The Ex-Presidents commit their crimes while wearing masks of Reagan, Carter, Nixon and Johnson. The F.B.I. believes that the members of the gang could be surfers and send young agent Johnny Utah undercover at the beach to mix with the surfers and gather information.","poster_path":"\/eGSfqknufcsXmM2Rb59H9SiNd4T.jpg"},{"character":"David Allen Griffin","credit_id":"52fe43a29251416c75018205","poster_path":"\/hCH9pEhHm502yulRqOpMDpGnVr7.jpg","id":10685,"video":false,"vote_count":276,"adult":false,"backdrop_path":"\/46Lry4N8Zox7R42CeFxiXSUga8I.jpg","genre_ids":[9648,53],"original_language":"en","original_title":"The Watcher","popularity":12.576,"title":"The Watcher","vote_average":5,"overview":"FBI agent Joel Campbell, burnt-out and shell-shocked after years spent chasing serial killers, flees L.A. to begin a new life for himself in Chicago. But five months later, Joel's best laid plans are abruptly cut short when his new hometown becomes the setting for some particularly gruesome murders--murders that could only have been committed by one man: David Allen Griffin. One of Joel's most elusive and cunning nemeses, Griffin has followed his former pursuer to Chicago in order to play a sadistic game of cat and mouse. Taunting Joel with photographs of his intended victims and leaving his crime scenes meticulously free of clues in order to keep the police at bay, Griffin derives as much pleasure out of watching Joel react to every movement as watching his victims die. But when Griffin moves into Joel's inner circle, Joel must quickly find some way to stop him before someone close to him becomes the next one to die.","release_date":"2000-09-08"},{"character":"Matt","credit_id":"52fe4414c3a368484e00e37f","release_date":"1986-08-27","vote_count":140,"video":false,"adult":false,"vote_average":6.6,"title":"River's Edge","genre_ids":[80,18],"original_language":"en","original_title":"River's Edge","popularity":12.961,"id":21309,"backdrop_path":"\/rrowtqGVAjmU2IRgrtEtGmOcrnM.jpg","overview":"A group of high school friends discover that they are in the presence of a killer. One of them, Samson, has murdered his girlfriend Jamie. He brags to his friends about killing her, and when they discover he is telling the truth, their reactions vary.","poster_path":"\/bT68aKa9d7zDF7Z8MaskbWBRqzb.jpg"},{"character":"Neo","credit_id":"52fe44aec3a368484e030e83","release_date":"2003-02-06","vote_count":80,"video":false,"adult":false,"vote_average":7.1,"title":"Kid's Story","genre_ids":[16,878],"original_language":"en","original_title":"Kid's Story","popularity":8.432,"id":24914,"backdrop_path":null,"overview":"A high school student is haunted by thoughts of \"The Matrix\" and a person named \"Neo\". Part of the Animatrix collection of animated shorts set in the Matrix universe.","poster_path":"\/2YyasmVeayH4DH0BfaeYsT06D6k.jpg"},{"character":"Harry","credit_id":"52fe45869251416c910355ed","poster_path":"\/bclzHNrj7qwjdZ8Wogw2zRzfhiB.jpg","id":34941,"video":false,"vote_count":16,"adult":false,"backdrop_path":"\/cpXlGj8Qro4BGHAjZFSwzM6TmDX.jpg","genre_ids":[18],"original_language":"en","original_title":"The Last Time I Committed Suicide","popularity":7.787,"title":"The Last Time I Committed Suicide","vote_average":5.8,"overview":"Neal Cassady is living the beat life during the 1940s, working at The Tire Yard and and philandering around town. However, he has visions of a happy life with kids and a white picket fence. When his girlfried, Joan, tries to kill herself he gets scared and runs away. But when Joan reappears will he take the chance at that happiness, or will he turn his back on it?","release_date":"1997-06-20"},{"character":"Tommy","credit_id":"52fe468dc3a368484e096f89","poster_path":"\/ppcoRM6wNT92N2bLkX91YTOLZ8E.jpg","id":62768,"video":false,"vote_count":9,"adult":false,"backdrop_path":null,"genre_ids":[18,10749],"original_language":"ab","original_title":"Flying","popularity":4.201,"title":"Flying","vote_average":5.8,"overview":"Robin and her father have a car accident. Her father dies. Robin is badly injured and cannot compete in gymnastics tournaments anymore. She lives with her mother and bad step-father. Robin is accepted to the school athlethics team but is not accepted by some other girls, so she works out at a friends house. Eventually Robin and her team compete in the national scholastic meet.","release_date":"1986-05-14"},{"character":"Donaka Mark","credit_id":"52fe4941c3a368484e122215","release_date":"2013-07-04","vote_count":561,"video":false,"adult":false,"vote_average":6,"title":"Man of Tai Chi","genre_ids":[28,18],"original_language":"en","original_title":"Man of Tai Chi","popularity":14.003,"id":76544,"backdrop_path":"\/vIy0knvAWbc4dMBG4wWDsAxOdNd.jpg","overview":"In Beijing, a young martial artist's skill places him in position to experience opportunities and sacrifices.","poster_path":"\/ty5ffg7jYhklKd8FYPSxdzY9Uv6.jpg"},{"character":"Ron Petrie","credit_id":"560957d2c3a368120d008614","poster_path":"\/sPbq25eae2SWapdPhuhTbBo8ChB.jpg","id":361827,"video":false,"vote_count":2,"adult":false,"backdrop_path":null,"genre_ids":[80,18],"original_language":"en","original_title":"One Step Away","popularity":1.861,"title":"One Step Away","vote_average":5.5,"overview":"A troubled teen on the verge of suspension from school must learn to resist the allure of street crime.","release_date":"1985-09-13"},{"character":"Rupert Marshetta","credit_id":"565390239251417021000ecf","release_date":"1988-10-10","vote_count":17,"video":false,"adult":false,"vote_average":5.3,"title":"The Prince of Pennsylvania","genre_ids":[35,18],"original_language":"en","original_title":"The Prince of Pennsylvania","popularity":4.699,"id":369775,"backdrop_path":"\/4FDs7t0a01xqHd6ET52ECCg0Y19.jpg","overview":"There's nothing wrong with the Marshetta family that a little felony can't cure. Rupert doesn't want to follow in his father's blue-collar footsteps, so he and his quirky friend kidnap his father for ransom, only nobody wants him back.","poster_path":"\/h8GSRQUFQe0vaJXQdhINaUCNsYi.jpg"},{"character":"Narrator","credit_id":"57cafc4cc3a36872b9003d62","release_date":"2016-11-25","vote_count":24,"video":false,"adult":false,"vote_average":6.9,"title":"Mifune: The Last Samurai","genre_ids":[99],"original_language":"en","original_title":"Mifune: The Last Samurai","popularity":3.791,"id":413782,"backdrop_path":"\/2dWkRnMGd1TJYEaUUbbYUchNWzQ.jpg","overview":"Nearly 20 years after his death and in the run-up to his centenary, Toshiro Mifune remains a true giant of Japanese cinema.","poster_path":"\/nklWhTBnbFw0NutlupxNbDB9TZZ.jpg"},{"character":"","credit_id":"57fe228592514113ae002eb1","vote_count":0,"video":false,"popularity":1.055,"original_language":"en","vote_average":0,"id":420902,"title":"Rally Car","original_title":"Rally Car","backdrop_path":"\/y7r1bpgC5ac0OBVlzACs42m5Rj.jpg","genre_ids":[28],"adult":false,"overview":"Rally car race in China.","poster_path":"\/zSCOHodtYteMdaDxxtMFvQADYGm.jpg"},{"character":"Martin Loader","credit_id":"52fe45e3c3a36847f80e014d","release_date":"1990-10-26","vote_count":11,"video":false,"adult":false,"vote_average":5.3,"title":"Tune in Tomorrow...","genre_ids":[35,18,10749],"original_language":"en","original_title":"Tune in Tomorrow...","popularity":4.858,"id":41927,"backdrop_path":null,"overview":"Martin works at the local radio station, which just hired a new scriptwriter with a reputation for great drama, Pedro Carmichael. Martin’s aunt Julia, not related by blood, returns home after many years away and Martin falls for her. Once Pedro finds out about this romance, he starts incorporating details of it into the script of his daily drama series. Soon, Martin and Julia are not only hearing about their fictional selves over the radio, but about what they are going to do next.","poster_path":"\/cMabi4aTi9mYs29tFS5Bh2DSEPi.jpg"},{"character":"Frank","credit_id":"5a1f304c925141032908491e","poster_path":"\/ioj2FMnMgD0eHgYfd31HtWOtBWU.jpg","id":489929,"video":false,"vote_count":393,"adult":false,"backdrop_path":"\/kbg2QTNgW2SGXy8MLBK3PT7cOS6.jpg","genre_ids":[10749,35,18],"original_language":"en","original_title":"Destination Wedding","popularity":17.206,"title":"Destination Wedding","vote_average":5.6,"overview":"Frank and Lindsay—two emotionally-broken strangers—meet on the way to a destination wedding. Over the course of the weekend and against all odds, they find themselves drawn together even though they are initially repulsed by one another.","release_date":"2018-08-02"},{"character":"Himself","credit_id":"5a7c02ee9251414b2200a43a","release_date":"2004-12-07","vote_count":5,"video":false,"adult":false,"vote_average":8.4,"title":"The Matrix Revolutions Revisited","genre_ids":[99],"original_language":"en","original_title":"The Matrix Revolutions Revisited","popularity":2.023,"id":503880,"backdrop_path":null,"overview":"The making of The Matrix Revolutions:\r The cataclysmic final confrontation chronicled through six documentary pods revealing 28 featurettes","poster_path":"\/61ASnmqvzpuz9VEfFElo3e2nIft.jpg"},{"character":"Himself","credit_id":"5cd313aec3a3680b70dd4510","poster_path":"\/gps49Xqjv0C6Kplb9jgDVAaE9CF.jpg","id":600990,"video":false,"vote_count":6,"adult":false,"backdrop_path":null,"genre_ids":[99],"original_language":"en","original_title":"John Wick: Calling in the Cavalry","popularity":2.716,"title":"John Wick: Calling in the Cavalry","vote_average":7,"overview":"Short documentary that looks at a number of elements like the initial pitch for the project and the 2nd Unit action sequences.","release_date":"2015-02-03"},{"character":"Himself","credit_id":"5cd313ca0e0a2674adfee017","poster_path":"\/d3m7SxiehljQ2r5dIHg7fGjfLXp.jpg","id":600987,"video":false,"vote_count":3,"adult":false,"backdrop_path":null,"genre_ids":[99],"original_language":"en","original_title":"Don't F*#% With John Wick","popularity":1.96,"title":"Don't F*#% With John Wick","vote_average":9.3,"overview":"Behind the scenes look at fight choreography and action training.","release_date":"2015-02-03"},{"character":"Himself","credit_id":"5cd313f6c3a3683490d9c678","poster_path":"\/1x1fEoDe3GKBYh4iR4jhrouRXzT.jpg","id":600991,"video":false,"vote_count":4,"adult":false,"backdrop_path":null,"genre_ids":[99],"original_language":"en","original_title":"Training 'John Wick'","popularity":2.436,"title":"Training 'John Wick'","vote_average":6.8,"overview":"A look at the fight choreography being developed for the film.","release_date":"2017-06-13"},{"character":"Himself","credit_id":"5cd318260e0a2674adfee8a2","poster_path":"\/8cZ21Cj6TOVK9wd0Sfc3in88gbf.jpg","id":601123,"video":false,"vote_count":2,"adult":false,"backdrop_path":null,"genre_ids":[99],"original_language":"en","original_title":"Friends, Confidantes: The Keanu\/Chad Partnership","popularity":0.84,"title":"Friends, Confidantes: The Keanu\/Chad Partnership","vote_average":8,"overview":"An appealing look at the longstanding friendship between the two (Stahelski was Reeves' stunt double before going into directing).","release_date":"2017-06-13"},{"character":"Himself","credit_id":"5cd31922c3a368472ddd6fee","poster_path":"\/oVNh08RSmJA8zZishdWJiY5cDxQ.jpg","id":601124,"video":false,"vote_count":2,"adult":false,"backdrop_path":null,"genre_ids":[99],"original_language":"en","original_title":"Chamber Check: Evolution of a Fight Scene","popularity":0.968,"title":"Chamber Check: Evolution of a Fight Scene","vote_average":8,"overview":"More fight choreography footage and in fact seems to be documenting more than one fight scene, unless one simply takes the entire film as one long extended fight scene, which isn't that far fetched of a perception.","release_date":"2017-06-13"},{"character":"John Wick","credit_id":"5ce330040e0a266f86d00c76","release_date":"2022-05-25","vote_count":0,"video":false,"adult":false,"vote_average":0,"title":"John Wick: Chapter 4","genre_ids":[28,80,53],"original_language":"en","original_title":"John Wick: Chapter 4","popularity":20.436,"id":603692,"backdrop_path":null,"overview":"","poster_path":"\/kPsRQfoyYgcpbI6hvDQvUSCo0q3.jpg"},{"character":"Himself","credit_id":"5d384ab7e54d5d4654da4b41","release_date":"2004-12-07","vote_count":5,"video":false,"adult":false,"vote_average":7.4,"title":"The Matrix Reloaded Revisited","genre_ids":[99],"original_language":"en","original_title":"The Matrix Reloaded Revisited","popularity":5.133,"id":591955,"backdrop_path":null,"overview":"The making of The Matrix Reloaded:  Go to the middle movies furthest reaches via five documentary paths revealing 21 featurettes","poster_path":"\/gb7C4oRzYWXWCuZMR1cwtHa53Pz.jpg"},{"character":"John Wick","credit_id":"5d3df29fede1b00014eebbd5","poster_path":"\/fJbw16AwM59dEhSiCIAfFGgIgOP.jpg","id":619022,"video":true,"vote_count":8,"adult":false,"backdrop_path":null,"genre_ids":[],"original_language":"en","original_title":"John Wick: Assassin's Code (Extra)","popularity":3.987,"title":"John Wick: Assassin's Code (Extra)","vote_average":7.9,"overview":"John Wick Movie Extra","release_date":"2015-02-03"},{"character":"","credit_id":"5d747391d19a3300131173d6","release_date":"","vote_count":0,"video":false,"adult":false,"vote_average":0,"title":"Past Midnight","genre_ids":[],"original_language":"en","original_title":"Past Midnight","popularity":0.6,"id":629537,"backdrop_path":null,"overview":"A vigilante superhero film with Keanu Reeves (John Wick, The Matrix) as the lead.","poster_path":null},{"character":"Sage","credit_id":"5dcd6ef579a1c3001047357d","release_date":"2020-08-14","vote_count":14,"video":false,"adult":false,"vote_average":6.5,"title":"The SpongeBob Movie: Sponge on the Run","genre_ids":[12,16,35,14,10751],"original_language":"en","original_title":"The SpongeBob Movie: Sponge on the Run","popularity":67.232,"id":400160,"backdrop_path":"\/wu1uilmhM4TdluKi2ytfz8gidHf.jpg","overview":"After SpongeBob's beloved pet snail Gary is snail-napped, he and Patrick embark on an epic adventure to The Lost City of Atlantic City to bring Gary home.","poster_path":"\/gxK2lB1w8an5ViPXzisDsRsyHr0.jpg"},{"character":"Narcissus","credit_id":"5df256318d77c40015da8242","poster_path":"\/5wJPpZbihbGYjWudxXKrtG3Icg7.jpg","id":655317,"video":false,"vote_count":1,"adult":false,"backdrop_path":null,"genre_ids":[],"original_language":"en","original_title":"Echo","popularity":1.4,"title":"Echo","vote_average":4,"overview":"A goddess named Echo falls in love with a narcissist.","release_date":"2005-07-30"},{"character":"Himself","credit_id":"5df47db404863800140338e6","release_date":"2003-10-01","vote_count":0,"video":false,"adult":false,"vote_average":0,"title":"Keanu Reeves: Journey to Success","genre_ids":[99],"original_language":"en","original_title":"Keanu Reeves: Journey to Success","popularity":1.4,"id":444318,"backdrop_path":null,"overview":"No actor's private life is more guarded and more mysterious than Keanu Reeves. Within it rests a world filled with rumors and tragedy, love and loss, fortune and fame. But now for the first time ever, the mysteries will be revealed and the rumors put to rest in 'Keanu Reeves: Journey to Success'! Through interviews with Keanu Reeves and his costars, movie premieres, and film clips, experience firsthand the secret life of one of the most mysterious actors in the world: Keanu Reeves.","poster_path":"\/yR1sWWN8oSFrbLYeLDnD7TgmWah.jpg"},{"character":"Himself (Archive Footage)","credit_id":"5e72dc302f3b1700174b1803","poster_path":"\/hSTervHaROcTd8Ir3DPfepN80dL.jpg","id":684426,"video":false,"vote_count":2,"adult":false,"backdrop_path":null,"genre_ids":[99,28,878],"original_language":"en","original_title":"The Matrix: What Is the Concept?","popularity":0.6,"title":"The Matrix: What Is the Concept?","vote_average":6,"overview":"This documentary takes you though a comparison of the conceptual art and the final scenes.","release_date":"1999-09-21"},{"character":"Jonathan Harker","credit_id":"5e8d5f6fce997a0017b8b9da","poster_path":"\/n39glC4GkBeCbwdenES8ZBodim8.jpg","id":6114,"video":false,"vote_count":3029,"adult":false,"backdrop_path":"\/hm2stwkNFAaXMEeetJS2RZ77zC1.jpg","genre_ids":[10749,27],"original_language":"en","original_title":"Dracula","popularity":28.307,"title":"Dracula","vote_average":7.4,"overview":"When Dracula leaves the captive Jonathan Harker and Transylvania for London in search of Mina Harker, the reincarnation of Dracula's long-dead wife Elisabeta, obsessed vampire hunter Dr. Van Helsing sets out to end the madness.","release_date":"1992-11-13"},{"character":"John Wick","credit_id":"5f2c77faa2e6020038c20181","vote_count":0,"video":false,"popularity":3.976,"original_language":"en","vote_average":0,"id":730629,"title":"John Wick: Chapter 5","original_title":"John Wick: Chapter 5","backdrop_path":null,"genre_ids":[28,80],"adult":false,"overview":"The fifth instalment in the John Wick franchise, confirmed to be in development.","poster_path":null},{"character":"Donnie Barksdale","credit_id":"52fe432fc3a36847f8040ec7","release_date":"2000-03-16","vote_count":695,"video":false,"adult":false,"vote_average":6.4,"title":"The Gift","genre_ids":[18,27,9648,53],"original_language":"en","original_title":"The Gift","popularity":16.311,"id":2046,"backdrop_path":"\/6S0EVfpqmjZEzxaxCdOeMlT2qS9.jpg","overview":"When a local woman disappears and the police can't seem to find any leads, her father turns to a poor young woman with psychic powers. Slowly she starts having visions of the woman chained and in a pond. Her visions lead to the body and the arrest of an abusive husband, but did he really do it?","poster_path":"\/nQdBE1P0r4ZrgGqy5EX8sL2kXG6.jpg"},{"character":"Chris Nadeau","credit_id":"52fe43c4c3a36847f806e129","release_date":"2009-07-07","vote_count":129,"video":false,"adult":false,"vote_average":5.9,"title":"The Private Lives of Pippa Lee","genre_ids":[35,18,10749],"original_language":"en","original_title":"The Private Lives of Pippa Lee","popularity":10.928,"id":4475,"backdrop_path":"\/m1635B33YpUiHSQHNYEO5blYgAV.jpg","overview":"After her much older husband forces a move to a suburban retirement community, Pippa Lee engages in a period of reflection and finds herself heading toward a quiet nervous breakdown.","poster_path":"\/dnyy1dUg27rntYEdr3CbA3rHuxn.jpg"},{"character":"Julian Mercer","credit_id":"52fe446bc3a36847f8094fcf","release_date":"2003-12-12","vote_count":980,"video":false,"adult":false,"vote_average":6.6,"title":"Something's Gotta Give","genre_ids":[35,18,10749],"original_language":"en","original_title":"Something's Gotta Give","popularity":13.212,"id":6964,"backdrop_path":"\/bgOoq2T5ABiLk1Zo9NBjWZdA1vM.jpg","overview":"Harry Sanborn is an aged music industry exec with a fondness for younger women like Marin, his latest trophy girlfriend. Things get a little awkward when Harry suffers a heart attack at the home of Marin's mother, Erica. Left in the care of Erica and his doctor, a love triangle starts to take shape.","poster_path":"\/4fQJjwbDf1KELvJJMcmAV6AxJdH.jpg"},{"character":"Michael Riley","credit_id":"52fe4bc29251416c7510d0d5","release_date":"1986-05-11","vote_count":9,"video":false,"adult":false,"vote_average":6.3,"title":"Young Again","genre_ids":[],"original_language":"en","original_title":"Young Again","popularity":5.356,"id":148175,"backdrop_path":"\/r9UmjoNFWLtUpqJYWx4TBGyIr1z.jpg","overview":"Michael Riley whishes to be 17 again and which comes true. He goes back to the high school where he fell in love with Laura and still be in love with her. Mick is very happy and excited to be 17 again, he finds Laura who is a widow having 2 children and then realizes the reason why they broke up years ago. Laura makes Mick understand that there is no way to go back. Finally Mick is willing to face who he is and has a new start with Laura when he turns back to a middle age man.","poster_path":"\/p4ZW15twOPBgnMry2XrG0QNs5vQ.jpg"},{"character":"Scott Favor (archive footage)","credit_id":"599c04f19251410e1d00fc2d","release_date":"2011-09-25","vote_count":9,"video":false,"adult":false,"vote_average":7.6,"title":"My Own Private River","genre_ids":[12,18],"original_language":"en","original_title":"My Own Private River","popularity":4.534,"id":164183,"backdrop_path":"\/AuhSed5QJMOLapKp9hFpaUkP5Ad.jpg","overview":"Unused footage from Gus Van Sant's 1991 film My Own Private Idaho is re-contextualized in James Franco's tribute to River Phoenix.","poster_path":"\/zGLKqkPsxweo6tD6X8rQS0CKiGN.jpg"},{"character":"John Wick (rumored)","credit_id":"5dab0c27ae3668001495a5bb","vote_count":0,"video":false,"popularity":2.149,"original_language":"en","vote_average":0,"id":541671,"title":"Ballerina","original_title":"Ballerina","backdrop_path":null,"genre_ids":[28,80],"adult":false,"overview":"A young female assassin seeks revenge against the people who killed her family.","poster_path":null},{"character":"Himself","credit_id":"5e741b2acabfe400111d25fc","release_date":"2004-04-06","vote_count":3,"video":false,"adult":false,"vote_average":7.3,"title":"Mind Over Matter: The Physicality of the Matrix Future","genre_ids":[28,99,878],"original_language":"en","original_title":"Mind Over Matter: The Physicality of the Matrix Future","popularity":0.84,"id":684709,"backdrop_path":null,"overview":"A look at the stunts of The Matrix Revolutions","poster_path":"\/zkpzfTyF7BjadH1PZKlC6kueWXf.jpg"},{"character":"Perry","credit_id":"52fe42fcc3a36847f8031cfd","release_date":"2005-01-23","vote_count":141,"video":false,"adult":false,"vote_average":6.3,"title":"Thumbsucker","genre_ids":[35,18],"original_language":"en","original_title":"Thumbsucker","popularity":12.978,"id":1546,"backdrop_path":"\/8WrFZX9TxUSoc3yVpQpfBaWXGOp.jpg","overview":"Justin, a teenager boy, throws himself and everyone around him into chaos when he attempts to break free from his addiction to his thumb.","poster_path":"\/fBLjXNRkH0KuC5JEnGBUZx3SQw3.jpg"},{"character":"Jack Fenton \/ Jack-be-Nimble","credit_id":"52fe4526c3a368484e04b3b7","release_date":"1986-12-19","vote_count":47,"video":false,"adult":false,"vote_average":5.6,"title":"Babes In Toyland","genre_ids":[12,18,14,10402,10751,10770],"original_language":"en","original_title":"Babes In Toyland","popularity":8.701,"id":26984,"backdrop_path":"\/996KoWowbORw0i5Du6yXKyyiczd.jpg","overview":"11-year-old Lisa has no time for toys; she's too busy taking care of her siblings and cooking for her mother. During the Christmas Eve blizzard, Lisa travels to Toyland in Wizard of Oz-like fashion and arrives just in time for a wedding. Young Mary Contrary is about to marry mean, old Barnaby Barnacle, despite the fact that she loves Jack Be Nimble. Lisa tries to stop this terrible wedding and, together with her new friends, discovers that Barnaby wants to take over Toyland. Lisa, Mary, Jack, and Georgie Porgie ask the Toymaster for help, but he can't help them as long as Lisa doesn't truly believe in toys.","poster_path":"\/mTg72oYoK18oV1uuuZGW2JI752x.jpg"},{"character":"Derek","credit_id":"52fe45bfc3a36847f80d830b","release_date":"1986-05-18","vote_count":18,"video":false,"adult":false,"vote_average":5.3,"title":"The Brotherhood of Justice","genre_ids":[53],"original_language":"en","original_title":"The Brotherhood of Justice","popularity":4.381,"id":41263,"backdrop_path":"\/uQvqIEj6TpxcDvDtL98kBvejDsV.jpg","overview":"A group of high school students, led by a rich boy Derek, is sick of school violence and decides to become underground vigilantes named \"Brotherhood of Justice\". It starts with the idea \"watching people\", but things quickly get out of control. \"Brotherhood of Justice\" turns out another gang of violence. Derek wants to stop it but it is too late, so he takes responsibility for it and gives himself to the law.","poster_path":"\/s7aWQ2NatYspv6CG9vuS4BKRTAB.jpg"},{"character":"Eddie Talbot","credit_id":"52fe4cd7c3a368484e1c9525","poster_path":"\/xUH6dNSOnlrEej6nTZqH8kgPSUr.jpg","id":203053,"video":false,"vote_count":2,"adult":false,"backdrop_path":null,"genre_ids":[18,10770],"original_language":"en","original_title":"Under the Influence","popularity":1.96,"title":"Under the Influence","vote_average":6.5,"overview":"A hard-drinking family man has been successful in his business despite his alcoholism. His daughter, a professional, struggles to meet her father's high expectations while she becomes addicted to prescription drugs; his son, who works for him and who serves as both his whipping boy and his drinking buddy, is becoming an alcoholic like his dad. Then the father's drinking finally takes its toll on his health, and he demands that his son bring him liquor in the hospital as his son's life, and his daughter's, fall apart at home.","release_date":"1986-09-28"},{"character":"The Dream","credit_id":"550c17f4925141469900370e","release_date":"2017-06-23","vote_count":668,"video":false,"adult":false,"vote_average":5.2,"title":"The Bad Batch","genre_ids":[18,27,53],"original_language":"en","original_title":"The Bad Batch","popularity":18.765,"id":316154,"backdrop_path":"\/aQ06MnEDLh9X3ZOtY21UD2XB197.jpg","overview":"In a desert wasteland in Texas, a muscled cannibal breaks one important rule: don’t play with your food.","poster_path":"\/7o14VaMphEIzPwzeW6FP3A6zb4W.jpg"},{"character":"Kip","credit_id":"56931c3892514115c2003677","poster_path":"\/jGwrycBhJoR1auJvbGodwU0DwVv.jpg","id":377000,"video":false,"vote_count":2,"adult":false,"backdrop_path":null,"genre_ids":[],"original_language":"en","original_title":"Life Under Water","popularity":1.778,"title":"Life Under Water","vote_average":7,"overview":"Young man, who can't get along with the rest of the world, especially his mother, decides to try to take his life in his own hands.  A TV movie directed by Jay Holman.","release_date":"1989-04-12"},{"character":"Eric","credit_id":"56931ee59251417095000f06","release_date":"1991-01-01","vote_count":1,"video":false,"adult":false,"vote_average":3,"title":"Providence","genre_ids":[],"original_language":"en","original_title":"Providence","popularity":1.686,"id":377002,"backdrop_path":null,"overview":"A talented but disenchanted high school student seeking more advanced instruction sneaks inside the ivy covered gates of nearby Brown University. Masquerading as a college student he is soon matching morals with a young co-ed, and wits with his literature professor. His passion for learning affects and amazes all those around him, but soon his house of cards begins to crumble and the penalties could do more than jeopardize just his academic future.  Providence is an American\/Canadian 1991 film directed by David Mackay starring Keanu Reeves.","poster_path":"\/cT5cr8lOzil1S0oyBwxLdv0N1sq.jpg"},{"character":"Future Keanu","credit_id":"56ab20689251413e95001846","release_date":"2016-01-27","vote_count":6,"video":false,"adult":false,"vote_average":6.2,"title":"Anyone Can Quantum","genre_ids":[35],"original_language":"en","original_title":"Anyone Can Quantum","popularity":1.113,"id":379976,"backdrop_path":"\/4WGsPX4FzldPPvXCyo4uA5BGf8P.jpg","overview":"The game is real and the stakes are high as the future of humanity hangs in the balance.  Can Paul Rudd, an actor, beat Stephen Hawking, one of the greatest minds of our generation, in a game of chess that will determine the future of humanity?  Most likely not.  Unless...","poster_path":null},{"character":"","credit_id":"5acad19a92514143030072c3","poster_path":"\/c5PMu6xEqypqbC1tjTQaF1FSXOZ.jpg","id":517079,"video":false,"vote_count":2,"adult":false,"backdrop_path":null,"genre_ids":[99],"original_language":"en","original_title":"The Making of My Own Private Idaho","popularity":3.037,"title":"The Making of My Own Private Idaho","vote_average":5,"overview":"Making-of documentary of Gus Van Sant's 'My Own Private Idaho'.","release_date":"2005-03-01"},{"character":"Himself","credit_id":"5dddf1643faba00015038d8c","poster_path":"\/qQFBj2tBlkKhAcAgDVpdFWLX5x.jpg","id":651445,"video":true,"vote_count":22,"adult":false,"backdrop_path":"\/vWNGnjBB3pa6R8slwjhwDxRqBUf.jpg","genre_ids":[99],"original_language":"en","original_title":"John Wick Chapter 2: Wick-vizzed","popularity":3.909,"title":"John Wick Chapter 2: Wick-vizzed","vote_average":8,"overview":"A candid look at rehearsal footage in support of a focus on pre-viz.","release_date":"2017-06-13"},{"character":"Himself","credit_id":"5e743223a055ef00162973d3","release_date":"2004-04-06","vote_count":2,"video":false,"adult":false,"vote_average":6,"title":"The Matrix Revolutions: Neo Realism - Evolution of Bullet Time","genre_ids":[28,99,878],"original_language":"en","original_title":"The Matrix Revolutions: Neo Realism - Evolution of Bullet Time","popularity":0.6,"id":684740,"backdrop_path":null,"overview":"A featurette about the special effects of The Matrix Trilogy","poster_path":"\/2US7uuM36El9pnk8WLdGh1XN39r.jpg"},{"character":"Himself","credit_id":"5ec9b255d7fbda001fbcc25a","poster_path":"\/7QpImMaV2rbIDumplIoPNHcRTk3.jpg","id":604598,"video":false,"vote_count":4,"adult":false,"backdrop_path":"\/aiob4cwx9Ah7AnqsSaLG1LEe8Fl.jpg","genre_ids":[99],"original_language":"en","original_title":"Making 'Bram Stoker's Dracula'","popularity":2.256,"title":"Making 'Bram Stoker's Dracula'","vote_average":9.5,"overview":"Making 'Bram Stoker's Dracula' by Francis Ford Coppola.","release_date":"1992-12-31"},{"character":"Le Chevalier Raphael Danceny","credit_id":"52fe4283c3a36847f8024c85","poster_path":"\/ncERDRjGntf8QhZYDaHsbzIx45.jpg","id":859,"video":false,"vote_count":688,"adult":false,"backdrop_path":"\/dhaX2NXwPyCVML8Iy7ul38wfmY3.jpg","genre_ids":[18,10749],"original_language":"en","original_title":"Dangerous Liaisons","popularity":15.264,"title":"Dangerous Liaisons","vote_average":7.3,"overview":"In 18th century France, Marquise de Merteuil asks her ex-lover Vicomte de Valmont to seduce the future wife of another ex-lover of hers in return for one last night with her. Yet things don’t go as planned.","release_date":"1988-06-09"},{"character":"Don Juan","credit_id":"52fe44ad9251416c7503d13b","release_date":"1993-05-07","vote_count":441,"video":false,"adult":false,"vote_average":7.1,"title":"Much Ado About Nothing","genre_ids":[35,18,10749],"original_language":"en","original_title":"Much Ado About Nothing","popularity":12.149,"id":11971,"backdrop_path":"\/1aKFmdjSXSy2dhWNPorZofpUWzg.jpg","overview":"In this Shakespearean farce, Hero and her groom-to-be, Claudio, team up with Claudio's commanding officer, Don Pedro, the week before their wedding to hatch a matchmaking scheme. Their targets are sharp-witted duo Benedick and Beatrice -- a tough task indeed, considering their corresponding distaste for love and each other. Meanwhile, meddling Don John plots to ruin the wedding.","poster_path":"\/4LNcL4VZVMXrwL8oCVBJJUGeMB.jpg"},{"character":"Julian Gitche","credit_id":"52fe45649251416c91030b43","poster_path":"\/o8DkDcsLd8H38hj46HLmT81swgZ.jpg","id":34444,"video":false,"vote_count":76,"adult":false,"backdrop_path":"\/bR54Rc8r3voUdxX5RkzBOpQGtFc.jpg","genre_ids":[37,18,35,10749],"original_language":"en","original_title":"Even Cowgirls Get the Blues","popularity":8.639,"title":"Even Cowgirls Get the Blues","vote_average":4.2,"overview":"Sissy Hankshaw is born with enormous thumbs that help her hitchhiking through the US from a young age.  She becomes a model in advertising and her NY agent 'the Countess' sends her to his ranch in CA to shoot a commercial, set against the background of mating whooping cranes.  There, she befriends Bonanza Jellybean, one of the cowgirls at the beauty- ranch.","release_date":"1994-05-13"},{"character":"Self","credit_id":"56d9d642925141340201f789","poster_path":"\/ral8in6Bplq4KFTMdZHDjvaY5Wb.jpg","id":385822,"video":false,"vote_count":4,"adult":false,"backdrop_path":null,"genre_ids":[99],"original_language":"en","original_title":"Blood Lines: Dracula - The Man. The Myth. The Movies.","popularity":1.96,"title":"Blood Lines: Dracula - The Man. The Myth. The Movies.","vote_average":3.8,"overview":"Short documentary on the making of Francis Ford Coppola's \"Dracula\" (1992).","release_date":"1992-01-01"},{"character":"John Wick","credit_id":"5e1c80d20e29a20015f7f37c","release_date":"2019-03-15","vote_count":0,"video":false,"adult":false,"vote_average":0,"title":"Finger Guns","genre_ids":[28,35,18],"original_language":"en","original_title":"Finger Guns","popularity":0.6,"id":663477,"backdrop_path":null,"overview":"The boys go find they can shoot bullets from there fingers after watching John Wick","poster_path":null},{"character":"Marlon James","credit_id":"52fe4386c3a36847f805ac9d","release_date":"1990-04-06","vote_count":150,"video":false,"adult":false,"vote_average":6.4,"title":"I Love You to Death","genre_ids":[28,35,80],"original_language":"en","original_title":"I Love You to Death","popularity":9.104,"id":3101,"backdrop_path":"\/fNOPyNc6FyL08cVJ5ysCMbKy92H.jpg","overview":"Joey Boca is the owner of a pizza parlor located in Tacoma, Washington, and has been married to Rosalie for years. Rosalie is horrified to discover that Joey is a womanizer and has been cheating on her for a long time. Based on the true story of Frances and Anthony Toto.","poster_path":"\/jsj4yuzSkbmkaH5Y3ygL1C4DXuy.jpg"},{"character":"Keanu Reeves","credit_id":"5b0f140cc3a3687990000a9b","release_date":"2019-05-31","vote_count":842,"video":false,"adult":false,"vote_average":6.7,"title":"Always Be My Maybe","genre_ids":[35,10749],"original_language":"en","original_title":"Always Be My Maybe","popularity":19.138,"id":513576,"backdrop_path":"\/gacFeoGjwAJAsbrd90hD5ptcjoe.jpg","overview":"Reunited after 15 years, famous chef Sasha and hometown musician Marcus feel the old sparks of attraction but struggle to adapt to each other's worlds.","poster_path":"\/3BO6pPa7qDcpPYct061Luh9fvst.jpg"},{"character":"Himself \/ Bob Arctor","credit_id":"5cceb8409251412bdf274733","release_date":"2006-12-19","vote_count":2,"video":false,"adult":false,"vote_average":8.5,"title":"One Summer in Austin: The Story of Filming 'A Scanner Darkly'","genre_ids":[99],"original_language":"en","original_title":"One Summer in Austin: The Story of Filming 'A Scanner Darkly'","popularity":1.176,"id":596553,"backdrop_path":null,"overview":"A unique documentary that interlaces archival interviews with author Philip K. Dick with chats featuring cast and crew. Discussed are the origins of the story, parallels the cast and crew sees to the goings-on in today's world, and adapting the story for film, modern audiences, and its unique look.","poster_path":null},{"character":"Himself","credit_id":"592bb2d1c3a36877bc0768e4","release_date":"2012-03-16","vote_count":17,"video":false,"adult":false,"vote_average":7.3,"title":"Sunset Strip","genre_ids":[99],"original_language":"en","original_title":"Sunset Strip","popularity":7.118,"id":200063,"backdrop_path":null,"overview":"A documentary on the famous Los Angeles street.","poster_path":"\/iUtn31GVCEKszL4nMulNF23Bnma.jpg"},{"character":"Tod Higgins","credit_id":"52fe42fdc3a36847f8031ffd","poster_path":"\/e51tNNQBJpJi9xkyuj0QFhyBcz7.jpg","id":1552,"video":false,"vote_count":370,"adult":false,"backdrop_path":"\/3mBFBQoGx30oTA6QmcQdMKCfgkg.jpg","genre_ids":[35,18,10751],"original_language":"en","original_title":"Parenthood","popularity":10.375,"title":"Parenthood","vote_average":6.8,"overview":"The story of the Buckman family and friends, attempting to bring up their children. They suffer\/enjoy all the events that occur: estranged relatives, the 'black sheep' of the family, the eccentrics, the skeletons in the closet, and the rebellious teenagers.","release_date":"1989-07-31"},{"character":"Hank","credit_id":"54d3a59c9251413fc1003e39","release_date":"2016-06-08","vote_count":2674,"video":false,"adult":false,"vote_average":6.5,"title":"The Neon Demon","genre_ids":[27,9648,53],"original_language":"en","original_title":"The Neon Demon","popularity":20.119,"id":301365,"backdrop_path":"\/qtAvDDZgMlpN2HnByFZvZhGvlty.jpg","overview":"When aspiring model Jesse moves to Los Angeles, her youth and vitality are devoured by a group of beauty-obsessed women who will take any means necessary to get what she has.","poster_path":"\/3rBo2AfWSlvsPmYFdJsNUMfkNIo.jpg"},{"character":"Neo (archive footage)","credit_id":"5cb88d8092514108d8f8008f","poster_path":"\/bh1dbc68Dgxpw7xIqGeKHLpRblJ.jpg","id":595898,"video":false,"vote_count":4,"adult":false,"backdrop_path":"\/1fOiPiJ2yn3JH902QJYeJHmfZfA.jpg","genre_ids":[35,878,28],"original_language":"en","original_title":"MTV Reloaded","popularity":1.321,"title":"MTV Reloaded","vote_average":7.3,"overview":"In this MTV short film parody of The Matrix Reloaded, Justin Timberlake and Seann William Scott must navigate their way through the world of The Matrix in order to fulfill their destiny: hosting the 2003 MTV Movie Awards.","release_date":"2003-05-13"},{"character":"Himself","credit_id":"5e72e0c5f9aa470019d25c91","release_date":"1999-09-21","vote_count":3,"video":false,"adult":false,"vote_average":7.3,"title":"Making 'The Matrix'","genre_ids":[28,99,878],"original_language":"en","original_title":"Making 'The Matrix'","popularity":4.601,"id":684431,"backdrop_path":null,"overview":"A promotional making-of documentary for the film Matrix, The (1999) that devotes its time to explaining the digital and practical effects contained in the film. This is very interesting, seeing as how they're giving away the cinematic secrets that they created solely for the this movie, that have now been spoofed and referenced in countless other films.","poster_path":"\/m2yIfRJYwpCgHON1Ig1pNKMWTxp.jpg"},{"character":"Himself - Actor","credit_id":"569a3a2e9251414800001321","release_date":"2014-11-07","vote_count":22,"video":false,"adult":false,"vote_average":6.5,"title":"21 Years: Richard Linklater","genre_ids":[99],"original_language":"en","original_title":"21 Years: Richard Linklater","popularity":6.922,"id":290304,"backdrop_path":null,"overview":"A journey through the professional life of innovative film director Richard Linklater: 21 years creating films, carving his signature in pop culture; an analysis of his style and motivations, through the funny and moving testimonies of close friends and collaborators, actors and other filmmakers.","poster_path":"\/hlgWdZlnQcA6cpYwdGvFdIHsCaV.jpg"},{"character":"Keanu Reeves","credit_id":"59d249fd92514113ef047332","release_date":"2017-09-29","vote_count":874,"video":false,"adult":false,"vote_average":4.4,"title":"SPF-18","genre_ids":[18,10749],"original_language":"en","original_title":"SPF-18","popularity":17.251,"id":472838,"backdrop_path":null,"overview":"18-year-old Penny Cooper spent years pining for Johnny Sanders Jr., but when a mysterious musician shows up on the beach, Penny is torn.","poster_path":"\/jXgSUsVIwaImrz5U1oppUvLjpMu.jpg"},{"character":"Duke Caboom (voice)","credit_id":"5c6d12aa9251412fc40f599b","release_date":"2019-06-19","vote_count":5840,"video":false,"adult":false,"vote_average":7.6,"title":"Toy Story 4","genre_ids":[12,16,35,14,10751],"original_language":"en","original_title":"Toy Story 4","popularity":64.813,"id":301528,"backdrop_path":"\/q62bpQ67qaXY0u6b2wFEnQYIbPd.jpg","overview":"Woody has always been confident about his place in the world and that his priority is taking care of his kid, whether that's Andy or Bonnie. But when Bonnie adds a reluctant new toy called \"Forky\" to her room, a road trip adventure alongside old and new friends will show Woody how big the world can be for a toy.","poster_path":"\/w9kR8qbmQ01HwnvK4alvnQ2ca0L.jpg"},{"character":"Stereo Teen #1","credit_id":"5c79332ec3a36844d818ea76","poster_path":"\/i1S9lajXILd1JKdzXQv2W9bCZ2g.jpg","id":376999,"video":false,"vote_count":1,"adult":false,"backdrop_path":null,"genre_ids":[35,18,10749],"original_language":"en","original_title":"Letting Go","popularity":1.323,"title":"Letting Go","vote_average":7,"overview":"Letting Go stars John Ritter as a widower and Sharon Gless as a lonely unmarried woman. They meet during a group-therapy session. Romance is inevitable, but the road to true happiness is pockmarked by a series of comic complications. Advertised as a straight romantic drama, Letting Go is actually more akin to the screwball comedies of the 1930s, with a strong satirical bent regarding \"behavior modification\" theories. The made-for-TV film debuted May 11, 1985.","release_date":"1985-05-11"},{"character":"The One (voice)","credit_id":"59e392f29251410b670001db","release_date":"2016-12-12","vote_count":3,"video":false,"adult":false,"vote_average":6,"title":"Quantum Is Calling","genre_ids":[],"original_language":"en","original_title":"Quantum Is Calling","popularity":1.221,"id":437508,"backdrop_path":null,"overview":"Zoe Saldana enlists the help of Stephen Hawking to solve a quantum riddle in order to get Simon Pegg’s cat back. This follows Paul Rudd’s epic quantum chess match with Stephen Hawking.","poster_path":"\/29UoBZkxFlIE4XbkxOZz7jnXk73.jpg"},{"character":"Heaver","credit_id":"52fe47289251416c7508f979","poster_path":"\/y0M1j79sOShd6456pMEYpkDimhz.jpg","id":17465,"video":false,"vote_count":126,"adult":false,"backdrop_path":"\/7BlCuxZ0MT2Ix2Wah48oo821QIT.jpg","genre_ids":[18,10749],"original_language":"en","original_title":"Youngblood","popularity":12.006,"title":"Youngblood","vote_average":6.2,"overview":"A skilled young hockey prospect hoping to attract the attention of professional scouts is pressured to show that he can fight if challenged during his stay in a Canadian minor hockey town. His on-ice activities are complicated by his relationship with the coach's daughter.","release_date":"1986-01-31"},{"character":"Himself","credit_id":"5a5e89c20e0a262018000bba","release_date":"2011-10-08","vote_count":6,"video":false,"adult":false,"vote_average":7.5,"title":"A Man's Story","genre_ids":[99],"original_language":"en","original_title":"A Man's Story","popularity":4.022,"id":85770,"backdrop_path":null,"overview":"Documentary about British fashion designer Ozwald Boateng.","poster_path":"\/7XChyRgt2B1GrJoPYrV4oGuOApD.jpg"},{"character":"Himself","credit_id":"5e742840357c0000164bfea4","release_date":"2003-10-14","vote_count":2,"video":false,"adult":false,"vote_average":4,"title":"The Matrix Reloaded: Pre-Load","genre_ids":[28,99,878],"original_language":"en","original_title":"The Matrix Reloaded: Pre-Load","popularity":4.057,"id":684731,"backdrop_path":null,"overview":"This making-of piece offers the standard mix of movie snippets, behind the scenes materials, and interviews from cast and crew on the making of the film.","poster_path":"\/zkpzfTyF7BjadH1PZKlC6kueWXf.jpg"},{"character":"Dogstar \/ Himself","credit_id":"52fe46b9c3a36847f810ea71","release_date":"1999-07-10","vote_count":2,"video":false,"adult":false,"vote_average":6.5,"title":"Me and Will","genre_ids":[18],"original_language":"en","original_title":"Me and Will","popularity":2.573,"id":45264,"backdrop_path":"\/kU7kta21hRWDih5I1mL0okLOmyH.jpg","overview":"Two women with a passion for motorcycles meet while going through rehab. When they discover they've both longed to ride Captain America's red, white, and blue chopper from Easy Rider, they escape the rehab clinic and hit the highway in search of their dream bike.","poster_path":"\/ixt8ketvElOokCAK9r1icTUaXrV.jpg"},{"character":"Buddy Martin","credit_id":"5902b62bc3a3682866002aaa","release_date":"1986-09-04","vote_count":9,"video":false,"adult":false,"vote_average":7.2,"title":"Act of Vengeance","genre_ids":[80,18,10770],"original_language":"en","original_title":"Act of Vengeance","popularity":4.006,"id":32046,"backdrop_path":"\/v5CxfWM22VuvwvS6tsX9L2BMoOH.jpg","overview":"In 1969, an administrator runs against the corrupt president of the United Coal Miners Union, and becomes the target of a murder plot.","poster_path":"\/7KwiClrTeTdReW627FARpvZWfgH.jpg"},{"character":"Ortiz the Dog Boy","credit_id":"52fe47489251416c75093d21","release_date":"1993-09-11","vote_count":73,"video":false,"adult":false,"vote_average":6,"title":"Freaked","genre_ids":[35,878],"original_language":"en","original_title":"Freaked","popularity":11.926,"id":17796,"backdrop_path":"\/dhjcwoymr9oLO1EJPrhHZweT6x5.jpg","overview":"A vain actor, his best friend, and an activist end up at a mutant freak farm run by a weirdo scientist.","poster_path":"\/m3v8P20dpRXBTgfbKPTAavZ1NFH.jpg"},{"character":"Bob","credit_id":"5b35076c9251413c740233ab","release_date":"2017-05-05","vote_count":10,"video":false,"adult":false,"vote_average":6,"title":"A Happening of Monumental Proportions","genre_ids":[35],"original_language":"en","original_title":"A Happening of Monumental Proportions","popularity":4.402,"id":423985,"backdrop_path":"\/i4V0JjGaUJiP9nWCSo1Noh14usR.jpg","overview":"During the course of one day, a group of students at a school in Los Angeles find themselves caught up in a plot of sex, lies and dead bodies.","poster_path":"\/yQ0R4RWDV0LKOb4sGDGS08DCX1q.jpg"},{"character":"Himself (Member of Dogstar)","credit_id":"5caab3e492514156620160c7","release_date":"2005-01-21","vote_count":35,"video":false,"adult":false,"vote_average":5.3,"title":"Ellie Parker","genre_ids":[35,18],"original_language":"en","original_title":"Ellie Parker","popularity":7.928,"id":16548,"backdrop_path":null,"overview":"Ellie Parker, an aspiring actress from Australia, lives a hectic Hollywood lifestyle, perpetually trying to land the role that will elevate her career. Living with her lothario musician boyfriend, Justin, Ellie is far from happy, finding support primarily from her friend Sam. But when Ellie meets Chris after a minor traffic accident, she sees new potential for both romance and her life in general.","poster_path":"\/yNrwc87hs6Vg7oKbtCohKL7ctcc.jpg"},{"character":"Keanu (voice)","credit_id":"572d566ac3a3680f3f001007","release_date":"2016-04-21","vote_count":744,"video":false,"adult":false,"vote_average":6,"title":"Keanu","genre_ids":[28,35],"original_language":"en","original_title":"Keanu","popularity":16.653,"id":342521,"backdrop_path":"\/43gM9MjHPeGktYIHMPvDov1sZcm.jpg","overview":"Friends hatch a plot to retrieve a stolen cat by posing as drug dealers for a street gang.","poster_path":"\/zztcso1bq32yzns0RI7fWYGF6yS.jpg"}],"crew":[{"id":321769,"department":"Crew","original_language":"en","original_title":"Deep Web","job":"Thanks","overview":"Deep Web gives the inside story of one of the most important and riveting digital crime sagas of the century -- the arrest of Ross William Ulbricht, the 30-year-old entrepreneur convicted of being 'Dread Pirate Roberts,' creator and operator of online black market Silk Road. As the only film with exclusive access to the Ulbricht family, Deep Web explores how the brightest minds and thought leaders behind the Deep Web and Bitcoin are now caught in the crosshairs of the battle for control of a future inextricably linked to technology, with our digital rights hanging in the balance.","vote_count":184,"video":false,"poster_path":"\/wCpPVSodnlNTzgcefMwNFQT49aQ.jpg","backdrop_path":"\/ayfUwTMNSYcra3IfYhP4Et8iRPb.jpg","title":"Deep Web","popularity":10.113,"genre_ids":[99],"vote_average":6.8,"adult":false,"release_date":"2015-03-15","credit_id":"5b0b1dfe0e0a260e4d00bd4a"},{"id":76544,"department":"Directing","original_language":"en","original_title":"Man of Tai Chi","job":"Director","overview":"In Beijing, a young martial artist's skill places him in position to experience opportunities and sacrifices.","vote_count":561,"video":false,"poster_path":"\/ty5ffg7jYhklKd8FYPSxdzY9Uv6.jpg","backdrop_path":"\/vIy0knvAWbc4dMBG4wWDsAxOdNd.jpg","title":"Man of Tai Chi","popularity":14.003,"genre_ids":[28,18],"vote_average":6,"adult":false,"release_date":"2013-07-04","credit_id":"52fe4941c3a368484e122211"},{"id":110354,"department":"Production","original_language":"en","original_title":"Side by Side","job":"Producer","overview":"Since the invention of cinema, the standard format for recording moving images has been film. Over the past two decades, a new form of digital filmmaking has emerged, creating a groundbreaking evolution in the medium. Keanu Reeves explores the development of cinema and the impact of digital filmmaking via in-depth interviews with Hollywood masters, such as James Cameron, David Fincher, David Lynch, Christopher Nolan, Martin Scorsese, George Lucas, Steven Soderbergh, and many more.","vote_count":195,"video":false,"poster_path":"\/qeeQ7rfTAXNYh4EqqdolFLkNwKM.jpg","backdrop_path":null,"title":"Side by Side","popularity":10.631,"genre_ids":[99],"vote_average":7.3,"adult":false,"release_date":"2012-08-19","credit_id":"52fe4ad2c3a36847f81e38d5"},{"id":245891,"department":"Production","original_language":"en","original_title":"John Wick","job":"Executive Producer","overview":"Ex-hitman John Wick comes out of retirement to track down the gangsters that took everything from him.","vote_count":13119,"video":false,"poster_path":"\/h3VxEVUOoBZmo79O8RqKvyGiqmE.jpg","backdrop_path":"\/7dzngS8pLkGJpyeskCFcjPO9qLF.jpg","title":"John Wick","popularity":27.417,"genre_ids":[28,53],"vote_average":7.3,"adult":false,"release_date":"2014-10-22","credit_id":"54b658a9c3a368377e00138a"},{"id":331962,"department":"Production","original_language":"en","original_title":"Exposed","job":"Producer","overview":"After witnessing a miracle, a young Latina woman experiences strange things as a police detective searches for the truth behind his partner's death.","vote_count":349,"video":false,"poster_path":"\/nM26QosEfgjEegONCiNNrYMBTxD.jpg","backdrop_path":"\/niGowOt2WKLTi1QaYcF4HDPprjj.jpg","title":"Exposed","popularity":16.019,"genre_ids":[80,18,53],"vote_average":4.9,"adult":false,"release_date":"2016-01-22","credit_id":"56a597109251412dda001fcc"},{"id":300681,"department":"Production","original_language":"en","original_title":"Replicas","job":"Producer","overview":"A scientist becomes obsessed with returning his family to normalcy after a terrible accident.","vote_count":745,"video":false,"poster_path":"\/hhPBTAn9b4TYOxc1JYNsX4BFAlW.jpg","backdrop_path":"\/sHPfBVFq7dlnXCz1zFdbEdwcBDJ.jpg","title":"Replicas","popularity":20.443,"genre_ids":[878,53],"vote_average":5.9,"adult":false,"release_date":"2018-10-25","credit_id":"57990c5b92514141a3008a85"},{"id":263472,"department":"Production","original_language":"en","original_title":"Knock Knock","job":"Executive Producer","overview":"When a devoted husband and father is left home alone for the weekend, two stranded young women unexpectedly knock on his door for help. What starts out as a kind gesture results in a dangerous seduction and a deadly game of cat and mouse.","vote_count":1916,"video":false,"poster_path":"\/cUC4rUb1Cs2KMaZ6RD4uYUEEwls.jpg","backdrop_path":"\/3tTG8eHmOY9Ic6F5tLYRmDXCLOc.jpg","title":"Knock Knock","popularity":25.525,"genre_ids":[18,27,53],"vote_average":5.1,"adult":false,"release_date":"2015-06-26","credit_id":"5839797f925141701d003406"},{"id":438689,"department":"Production","original_language":"en","original_title":"Siberia","job":"Producer","overview":"Lucas, a diamond trader who travels to Saint Petersburg to arrange a sale, discovers that his Russian business partner has left his hotel and gone to a small Siberian village, so Lucas also heads there to try find him.","vote_count":304,"video":false,"poster_path":"\/eGfIsvdrUhTlQOkxQIELU7obDYj.jpg","backdrop_path":"\/3RSPY10KWQsMJKtNUzhKNZZQxL9.jpg","title":"Siberia","popularity":22.796,"genre_ids":[80,53,10749],"vote_average":4.9,"adult":false,"release_date":"2018-07-13","credit_id":"5b7b2eadc3a36860dd0615d6"},{"id":612835,"department":"Production","original_language":"en","original_title":"Salacia","job":"Executive Producer","overview":"Tourmaline is an experimental portraitist whose subject is Black trans women. This impressionistic piece concerns Mary Jones, who worked at a New York brothel in the early nineteenth century and was described as a “man-monster” in a tabloid-style lithograph that was published after her arrest, in 1836, for robbery.","vote_count":1,"video":false,"release_date":"2019-07-03","vote_average":1,"title":"Salacia","popularity":0.725,"genre_ids":[36],"backdrop_path":null,"adult":false,"poster_path":"\/uJhj9QCjOTqHFJttguNlvLbnDwU.jpg","credit_id":"5d1cbce7a13533000f06bfbd"},{"id":623582,"department":"Production","original_language":"en","original_title":"Already Gone","job":"Executive Producer","overview":"A lonely teenager runs away from home, bringing his abusive stepfather's girlfriend with him.","vote_count":2,"video":false,"release_date":"2019-08-16","vote_average":9.5,"title":"Already Gone","popularity":4.531,"genre_ids":[18],"backdrop_path":"\/5AWaSnXNUAbcz0Edfr23qjra37I.jpg","adult":false,"poster_path":"\/yuDXE3Wkutr5Clh8C2afsn3IVzu.jpg","credit_id":"5d58d8a58d2f8d001549724e"},{"vote_average":0,"credit_id":"5d9d1e34f96a39001bf6c0ac","genre_ids":[28,80],"vote_count":0,"video":false,"popularity":2.149,"original_language":"en","department":"Production","id":541671,"title":"Ballerina","original_title":"Ballerina","backdrop_path":null,"job":"Executive Producer","adult":false,"overview":"A young female assassin seeks revenge against the people who killed her family.","poster_path":null},{"id":501979,"department":"Production","original_language":"en","original_title":"Bill & Ted Face the Music","job":"Executive Producer","overview":"Yet to fulfill their rock and roll destiny, the now middle aged best friends Bill and Ted set out on a new adventure when a visitor from the future warns them that only their song can save life as we know it. Along the way, they will be helped by their daughters, a new batch of historical figures, and a few music legends — to seek the song that will set their world right and bring harmony in the universe.","vote_count":3,"video":false,"poster_path":"\/y9YLNfUOrqFbYl8q1FpQuuo5MLx.jpg","backdrop_path":"\/zeVs5f9zY5W4Lf0CUlFpsHDusnj.jpg","title":"Bill & Ted Face the Music","popularity":59.575,"genre_ids":[12,35,878],"vote_average":5,"adult":false,"release_date":"2020-08-27","credit_id":"5edf999a6b5fc20020c5cf36"}],"id":6384}