{"page":1,"total_results":10000,"total_pages":500,"results":[{"popularity":73.275,"known_for_department":"Acting","gender":2,"id":18918,"profile_path":"\/kuqFzlYMc2IrsOyPznMd1FroeGq.jpg","adult":false,"known_for":[{"release_date":"2017-12-09","id":353486,"vote_count":9687,"video":false,"media_type":"movie","vote_average":6.8,"title":"Jumanji: Welcome to the Jungle","genre_ids":[28,12,35,14],"original_title":"Jumanji: Welcome to the Jungle","original_language":"en","adult":false,"backdrop_path":"\/rz3TAyd5kmiJmozp3GUbYeB5Kep.jpg","overview":"The tables are turned as four teenagers are sucked into Jumanji's world - pitted against rhinos, black mambas and an endless variety of jungle traps and puzzles. To survive, they'll play as characters from the game.","poster_path":"\/22hqf97LadMvkd4zDi3Bq25xSqD.jpg"},{"release_date":"2016-11-23","id":277834,"vote_count":8565,"video":false,"media_type":"movie","vote_average":7.6,"title":"Moana","genre_ids":[12,16,35,10751],"original_title":"Moana","original_language":"en","adult":false,"backdrop_path":"\/oWU6dgu3RgdSZElkhbZuoPtkWAJ.jpg","overview":"In Ancient Polynesia, when a terrible curse incurred by Maui reaches an impetuous Chieftain's daughter's island, she answers the Ocean's call to seek out the demigod to set things right.","poster_path":"\/4JeejGugONWpJkbnvL12hVoYEDa.jpg"},{"release_date":"2013-05-21","id":82992,"vote_count":8073,"video":false,"media_type":"movie","vote_average":6.8,"title":"Fast & Furious 6","genre_ids":[28,80,53],"original_title":"Fast & Furious 6","original_language":"en","adult":false,"backdrop_path":"\/rF8HkxQ1RlrcPg41gmL5AM56Qxd.jpg","overview":"Hobbs has Dominic and Brian reassemble their crew to take down a team of mercenaries: Dominic unexpectedly gets convoluted also facing his presumed deceased girlfriend, Letty.","poster_path":"\/n31VRDodbaZxkrZmmzyYSFNVpW5.jpg"}],"name":"Dwayne Johnson"},{"popularity":71.516,"known_for_department":"Acting","name":"Tessa Hoder","id":2263933,"profile_path":"\/oBfjVOzILe9OnYOl3kuIl698GNY.jpg","adult":false,"known_for":[{"poster_path":"\/uWC8vrvERAjKu7ecT1Tuu6ohKSh.jpg","vote_count":7,"video":false,"media_type":"movie","id":571683,"adult":false,"backdrop_path":"\/zgl7RIABM0HybST6frkyC47pGQO.jpg","original_language":"da","original_title":"Selvhenter","genre_ids":[35],"title":"Heavy Load","vote_average":6.6,"overview":"The two estranged brothers Emil and Magnus travel to Spain to bring home the body of their drunken and now dead father. What Emil doesn’t know is that Magnus has only agreed to go because of their father’s valuable Rolex watch which can save his bleeding finances. But when it turns out the transportation of the body will cost more than 10,000 Euro, Magnus convinces his reluctant little brother to run away with the body hidden in a roof box on top of a way too small rental car. Soon the two brothers find themselves on a wild escape from the police, and their father’s last trip forces them to face their own problems.","release_date":"2019-03-07"},{"original_name":"Den som dræber - Fanget af mørket","id":87542,"media_type":"tv","name":"Darkness: Those Who Kill","vote_count":6,"vote_average":8.7,"first_air_date":"2019-02-22","poster_path":"\/6bstsCJ5JdAZ38nhmhv5dwzjibm.jpg","genre_ids":[80],"original_language":"da","backdrop_path":"\/fUjCQnmMFP6rtEAmBcx3dFiMNDf.jpg","overview":"Investigator Jan and profiler Louise constantly move around in the thrilling periphery of a murderer's view as they link a series of killings.","origin_country":["DK"]},{"original_name":"Ondt i Røven","id":87545,"media_type":"tv","name":"Ondt i Røven","vote_count":0,"vote_average":0,"first_air_date":"2019-02-04","poster_path":"\/dL56ODSZEv4YyD08K24W1UukNBV.jpg","genre_ids":[18],"original_language":"da","backdrop_path":"\/kusfD6xOPmSLTqPArNLbKZLhVxk.jpg","overview":"Tessa is enthralled by the Copenhagen queer community, after she moves onto a couch in the collective \"The soft core\". Here a new world opens to Tessa, who begins questioning herself and her life, while she eagerly struggles to fit in. It turns out not being too easy; in the queer community she looks too straight, is too privileged and ignorant, but among her hetero friends she's too queer. Sometimes you have find your community to find yourself.","origin_country":[]}],"gender":1},{"popularity":53.704,"known_for_department":"Acting","name":"Scarlett Johansson","id":1245,"profile_path":"\/6NsMbJXRlDZuDzatN2akFdGuTvx.jpg","adult":false,"known_for":[{"vote_count":23003,"id":24428,"video":false,"media_type":"movie","vote_average":7.7,"title":"The Avengers","release_date":"2012-04-25","original_language":"en","original_title":"The Avengers","genre_ids":[878,28,12],"backdrop_path":"\/kwUQFeFXOOpgloMgZaadhzkbTI4.jpg","adult":false,"overview":"When an unexpected enemy emerges and threatens global safety and security, Nick Fury, director of the international peacekeeping agency known as S.H.I.E.L.D., finds himself in need of a team to pull the world back from the brink of disaster. Spanning the globe, a daring recruitment effort begins!","poster_path":"\/RYMX2wcKCBAr24UyPD7xwmjaTn.jpg"},{"poster_path":"\/7WsyChQLEftFiDOVTGkv3hFpyyt.jpg","vote_count":19444,"video":false,"media_type":"movie","id":299536,"adult":false,"backdrop_path":"\/bOGkgRGdhrBYJSLpXaxhXVstddV.jpg","original_language":"en","original_title":"Avengers: Infinity War","genre_ids":[28,12,878],"title":"Avengers: Infinity War","vote_average":8.3,"overview":"As the Avengers and their allies have continued to protect the world from threats too large for any one hero to handle, a new danger has emerged from the cosmic shadows: Thanos. A despot of intergalactic infamy, his goal is to collect all six Infinity Stones, artifacts of unimaginable power, and use them to inflict his twisted will on all of reality. Everything the Avengers have fought for has led up to this moment - the fate of Earth and existence itself has never been more uncertain.","release_date":"2018-04-25"},{"poster_path":"\/rAGiXaUfPzY7CDEyNKUofk3Kw2e.jpg","vote_count":16700,"video":false,"media_type":"movie","id":271110,"adult":false,"backdrop_path":"\/7FWlcZq3r6525LWOcvO9kNWurN1.jpg","original_language":"en","original_title":"Captain America: Civil War","genre_ids":[28,12,878],"title":"Captain America: Civil War","vote_average":7.4,"overview":"Following the events of Age of Ultron, the collective governments of the world pass an act designed to regulate all superhuman activity. This polarizes opinion amongst the Avengers, causing two factions to side with Iron Man or Captain America, which causes an epic battle between former allies.","release_date":"2016-04-27"}],"gender":1},{"popularity":49.467,"known_for_department":"Acting","gender":2,"id":976,"profile_path":"\/lldeQ91GwIVff43JBrpdbAAeYWj.jpg","adult":false,"known_for":[{"release_date":"2013-05-21","id":82992,"vote_count":8071,"video":false,"media_type":"movie","vote_average":6.8,"title":"Fast & Furious 6","genre_ids":[28,80,53],"original_title":"Fast & Furious 6","original_language":"en","adult":false,"backdrop_path":"\/rF8HkxQ1RlrcPg41gmL5AM56Qxd.jpg","overview":"Hobbs has Dominic and Brian reassemble their crew to take down a team of mercenaries: Dominic unexpectedly gets convoluted also facing his presumed deceased girlfriend, Letty.","poster_path":"\/n31VRDodbaZxkrZmmzyYSFNVpW5.jpg"},{"release_date":"2015-04-01","id":168259,"vote_count":7745,"video":false,"media_type":"movie","vote_average":7.3,"title":"Furious 7","genre_ids":[28,53],"original_title":"Furious 7","original_language":"en","adult":false,"backdrop_path":"\/ehzI1mVcnHqB58NqPyQwpMqcVoz.jpg","overview":"Deckard Shaw seeks revenge against Dominic Toretto and his family for his comatose brother.","poster_path":"\/d9jZ2bKZw3ptTuxAyVHA6olPAVs.jpg"},{"release_date":"2017-04-12","id":337339,"vote_count":7568,"video":false,"media_type":"movie","vote_average":6.9,"title":"The Fate of the Furious","genre_ids":[28,80,53],"original_title":"The Fate of the Furious","original_language":"en","adult":false,"backdrop_path":"\/60N8iMjm74soK5Hmx0Nxq9bdZFj.jpg","overview":"When a mysterious woman seduces Dom into the world of crime and a betrayal of those closest to him, the crew face trials that will test them as never before.","poster_path":"\/dImWM7GJqryWJO9LHa3XQ8DD5NH.jpg"}],"name":"Jason Statham"},{"popularity":49.239,"known_for_department":"Acting","gender":2,"id":85,"profile_path":"\/532tIC5wzmmR1jO7oA83rTiLvBx.jpg","adult":false,"known_for":[{"release_date":"2003-07-09","id":22,"vote_count":14885,"video":false,"media_type":"movie","vote_average":7.7,"title":"Pirates of the Caribbean: The Curse of the Black Pearl","genre_ids":[28,12,14],"original_title":"Pirates of the Caribbean: The Curse of the Black Pearl","original_language":"en","adult":false,"backdrop_path":"\/7yxjg8pvp3JuqguUaJPYTma6Z7t.jpg","overview":"Jack Sparrow, a freewheeling 18th-century pirate, quarrels with a rival pirate bent on pillaging Port Royal. When the governor's daughter is kidnapped, Sparrow decides to help the girl's love save her.","poster_path":"\/z8onk7LV9Mmw6zKz4hT6pzzvmvl.jpg"},{"poster_path":"\/h6NYfVUyM6CDURtZSnBpz647Ldd.jpg","id":259316,"vote_count":14380,"video":false,"media_type":"movie","adult":false,"backdrop_path":"\/7GrpqAs0oDcFcwFwyygnUI7BrZA.jpg","genre_ids":[12,10751,14],"original_title":"Fantastic Beasts and Where to Find Them","original_language":"en","title":"Fantastic Beasts and Where to Find Them","vote_average":7.4,"overview":"In 1926, Newt Scamander arrives at the Magical Congress of the United States of America with a magically expanded briefcase, which houses a number of dangerous creatures and their habitats. When the creatures escape from the briefcase, it sends the American wizarding authorities after Newt, and threatens to strain even further the state of magical and non-magical relations.","release_date":"2016-11-16"},{"release_date":"2006-06-20","id":58,"vote_count":11322,"video":false,"media_type":"movie","vote_average":7.3,"title":"Pirates of the Caribbean: Dead Man's Chest","genre_ids":[28,12,14],"original_title":"Pirates of the Caribbean: Dead Man's Chest","original_language":"en","adult":false,"backdrop_path":"\/vv5a8u6e40kyH0Hp6HuamAgzRai.jpg","overview":"Captain Jack Sparrow works his way out of a blood debt with the ghostly Davey Jones to avoid eternal damnation.","poster_path":"\/AdRQGfT05z6L9gIpUpkh4McMmpm.jpg"}],"name":"Johnny Depp"},{"popularity":48.229,"known_for_department":"Acting","name":"Henry Cavill","id":73968,"profile_path":"\/hErUwonrQgY5Y7RfxOfv8Fq11MB.jpg","adult":false,"known_for":[{"poster_path":"\/5UsK3grJvtQrtzEgqNlDljJW96w.jpg","vote_count":13763,"video":false,"media_type":"movie","id":209112,"adult":false,"backdrop_path":"\/doiUtOHzcxXFl0GVQ2n8Ay6Pirx.jpg","original_language":"en","original_title":"Batman v Superman: Dawn of Justice","genre_ids":[28,12,14],"title":"Batman v Superman: Dawn of Justice","vote_average":5.9,"overview":"Fearing the actions of a god-like Super Hero left unchecked, Gotham City’s own formidable, forceful vigilante takes on Metropolis’s most revered, modern-day savior, while the world wrestles with what sort of hero it really needs. And with Batman and Superman at war with one another, a new threat quickly arises, putting mankind in greater danger than it’s ever known before.","release_date":"2016-03-23"},{"poster_path":"\/7rIPjn5TUK04O25ZkMyHrGNPgLx.jpg","vote_count":11296,"video":false,"media_type":"movie","id":49521,"adult":false,"backdrop_path":"\/69EFgWWPFWbRNHmQgYdSnyJ94Ge.jpg","original_language":"en","original_title":"Man of Steel","genre_ids":[28,12,14,878],"title":"Man of Steel","vote_average":6.5,"overview":"A young boy learns that he has extraordinary powers and is not of this earth. As a young man, he journeys to discover where he came from and what he was sent here to do. But the hero in him must emerge if he is to save the world from annihilation and become the symbol of hope for all mankind.","release_date":"2013-06-12"},{"poster_path":"\/eifGNCSDuxJeS1loAXil5bIGgvC.jpg","vote_count":9522,"video":false,"media_type":"movie","id":141052,"adult":false,"backdrop_path":"\/jorgjEk6a0bed6jdR5wu4S6ZvRm.jpg","original_language":"en","original_title":"Justice League","genre_ids":[28,12,14,878],"title":"Justice League","vote_average":6.2,"overview":"Fuelled by his restored faith in humanity and inspired by Superman's selfless act, Bruce Wayne and Diana Prince assemble a team of metahumans consisting of Barry Allen, Arthur Curry and Victor Stone to face the catastrophic threat of Steppenwolf and the Parademons who are on the hunt for three Mother Boxes on Earth.","release_date":"2017-11-15"}],"gender":2},{"popularity":46.492,"known_for_department":"Acting","name":"Alison Jaye Horowitz","id":1362223,"profile_path":"\/iEWtgDu0OweicGOl1rxybzCaota.jpg","adult":false,"known_for":[{"original_name":"Shameless","genre_ids":[35,18],"media_type":"tv","name":"Shameless","origin_country":["US"],"vote_count":1075,"first_air_date":"2011-01-09","backdrop_path":"\/1ccgQ6IJyEc8UHPtGeFFeRqMVnc.jpg","original_language":"en","id":34307,"vote_average":7.9,"overview":"Chicagoan Frank Gallagher is the proud single dad of six smart, industrious, independent kids, who without him would be... perhaps better off. When Frank's not at the bar spending what little money they have, he's passed out on the floor. But the kids have found ways to grow up in spite of him. They may not be like any family you know, but they make no apologies for being exactly who they are.","poster_path":"\/m2gf7SYOq9z30Q1dJFMF51DfrmF.jpg"},{"original_name":"Unbelievable","genre_ids":[80,18],"media_type":"tv","name":"Unbelievable","origin_country":["US"],"vote_count":131,"first_air_date":"2019-09-13","backdrop_path":"\/yG5oWkFH8xle6xkD2JB7HWfuSGx.jpg","original_language":"en","id":91275,"vote_average":8.2,"overview":"A teenager is charged with lying about her rape allegation, but two determined investigative female detectives discover a far more sinister truth.","poster_path":"\/jHOrNJNM03Lsjdw7nsw7TlqBOhd.jpg"},{"vote_count":3,"id":650366,"video":false,"media_type":"movie","vote_average":4.3,"title":"Total Freak","release_date":"2014-05-23","original_language":"en","original_title":"Total Freak","genre_ids":[27],"backdrop_path":null,"adult":false,"overview":"In this summer camp horror-comedy, a young teen pursues a mean girl and discovers a secret about the lake.","poster_path":"\/lYoD6gBmhtoqGNDxbhyFm9fW4BG.jpg"}],"gender":1},{"popularity":43.67,"known_for_department":"Acting","gender":1,"id":109513,"profile_path":"\/lh5zibQXYH1MNqkuX8TmxyNYHhK.jpg","adult":false,"known_for":[{"release_date":"2015-05-27","id":254128,"vote_count":6078,"video":false,"media_type":"movie","vote_average":6.1,"title":"San Andreas","genre_ids":[28,18,53],"original_title":"San Andreas","original_language":"en","adult":false,"backdrop_path":"\/xYRUnZvUOrAhCw8CrBSLtbVVwNl.jpg","overview":"In the aftermath of a massive earthquake in California, a rescue-chopper pilot makes a dangerous journey across the state in order to rescue his estranged daughter.","poster_path":"\/2Gfjn962aaFSD6eST6QU3oLDZTo.jpg"},{"release_date":"2017-05-12","id":339846,"vote_count":5874,"video":false,"media_type":"movie","vote_average":6.1,"title":"Baywatch","genre_ids":[28,35],"original_title":"Baywatch","original_language":"en","adult":false,"backdrop_path":"\/6QmX2BDVr1hIOIPHqnxvp1C1ZZp.jpg","overview":"Devoted lifeguard Mitch Buchannon butts heads with a brash new recruit. Together, they uncover a local criminal plot that threatens the future of the Bay.","poster_path":"\/6HE4xd8zloDqmjMZuhUCCw2UcY1.jpg"},{"poster_path":"\/brzpTyZ5bnM7s53C1KSk1TmrMO6.jpg","id":32657,"vote_count":5326,"video":false,"media_type":"movie","adult":false,"backdrop_path":"\/sEyNWq9985lyUrwayWnvicT4FHA.jpg","genre_ids":[12,14,10751],"original_title":"Percy Jackson & the Olympians: The Lightning Thief","original_language":"en","title":"Percy Jackson & the Olympians: The Lightning Thief","vote_average":6.2,"overview":"Accident prone teenager, Percy discovers he's actually a demi-God, the son of Poseidon, and he is needed when Zeus' lightning is stolen. Percy must master his new found skills in order to prevent a war between the Gods that could devastate the entire world.","release_date":"2010-02-01"}],"name":"Alexandra Daddario"},{"popularity":40.964,"known_for_department":"Acting","gender":0,"id":2737208,"profile_path":"\/uK6VFijydPDJMuBQ7koJtNl2dm6.jpg","adult":false,"known_for":[{"original_name":"半沢直樹","vote_count":13,"poster_path":"\/uZmJ1dhfxzVqmvhACY7io0chcJs.jpg","media_type":"tv","name":"Hanzawa Naoki","vote_average":8.4,"id":55925,"first_air_date":"2013-07-07","original_language":"ja","genre_ids":[18],"backdrop_path":"\/rhQo6vxXe6RdOCN73vbIFK1PeNG.jpg","overview":"Hanzawa Naoki (Sakai Masato) works as a loan manager at the Osaka Nishi branch of Tokyo Central Bank. One day, Hanzawa makes a loan contract for 500 million yen with Nishi Osaka Steel Company. Hanzawa didn't want to approve the loan, but he had to due to the branch manager's order. Nishi Osaka Steel Company seems financially stable, but the company actually hides massive amounts of debt through fraudulent accounts. The company is caught. Three months later, Nishi Osaka Steel Company goes bankrupt. The bank's branch manager is Asano. He is an ambitious man and tries to shift the blame to Hanzawa. Hanzawa then attends an inquiry about the loan failure at the bank's headquarters in Tokyo. Hanzawa denies fault and promises to retrieve the 500 million yen loan. He did this because it's the only way for Hanzawa to survive as a banker.","origin_country":["JP"]}],"name":"Norihiko Tsukuda"},{"popularity":39.991,"known_for_department":"Acting","name":"Keanu Reeves","id":6384,"profile_path":"\/d9HyjGMCt4wgJIOxAGlaYWhKsiN.jpg","adult":false,"known_for":[{"poster_path":"\/f89U3ADr1oiB1s9GkdPOEpXUk5H.jpg","vote_count":17628,"video":false,"media_type":"movie","id":603,"adult":false,"backdrop_path":"\/ByDf0zjLSumz1MP1cDEo2JWVtU.jpg","original_language":"en","original_title":"The Matrix","genre_ids":[28,878],"title":"The Matrix","vote_average":8.1,"overview":"Set in the 22nd century, The Matrix tells the story of a computer hacker who joins a group of underground insurgents fighting the vast and powerful computers who now rule the earth.","release_date":"1999-03-30"},{"poster_path":"\/h3VxEVUOoBZmo79O8RqKvyGiqmE.jpg","vote_count":13116,"video":false,"media_type":"movie","id":245891,"adult":false,"backdrop_path":"\/7dzngS8pLkGJpyeskCFcjPO9qLF.jpg","original_language":"en","original_title":"John Wick","genre_ids":[28,53],"title":"John Wick","vote_average":7.3,"overview":"Ex-hitman John Wick comes out of retirement to track down the gangsters that took everything from him.","release_date":"2014-10-22"},{"poster_path":"\/hXWBc0ioZP3cN4zCu6SN3YHXZVO.jpg","vote_count":8188,"video":false,"media_type":"movie","id":324552,"adult":false,"backdrop_path":"\/fRLftkwv8jm3DLxXOf2NbngHjPB.jpg","original_language":"en","original_title":"John Wick: Chapter 2","genre_ids":[28,80,53],"title":"John Wick: Chapter 2","vote_average":7.2,"overview":"John Wick is forced out of retirement by a former associate looking to seize control of a shadowy international assassins’ guild. Bound by a blood oath to aid him, Wick travels to Rome and does battle against some of the world’s most dangerous killers.","release_date":"2017-02-08"}],"gender":2},{"popularity":39.335,"known_for_department":"Acting","gender":1,"id":2093355,"profile_path":"\/ve9K5PDbBcVF55Urgsbb44XtWDz.jpg","adult":false,"known_for":[{"release_date":"2018-10-04","id":569715,"vote_count":6,"video":false,"media_type":"movie","vote_average":4,"title":"Delicious Three Sisters","genre_ids":[10749],"original_title":"맛있는 세자매","original_language":"ko","adult":false,"backdrop_path":"\/Yb4wrPE2XXfCtZeuj4eqRZzNZz.jpg","overview":"The gentle gesture of the three sisters surrounding the male housekeeper begins. The three sisters are not the food of the housemaid but the housekeeper's body.","poster_path":"\/q85VR4nlUUu9tERLUvPFyq2WB8c.jpg"},{"poster_path":"\/4dSNXqyXoFh8HbFkMnaKm2us06e.jpg","id":538335,"vote_count":2,"video":false,"media_type":"movie","adult":false,"backdrop_path":"\/ooGMHxjhj2obfQGkw88UeBxUvdp.jpg","genre_ids":[10749],"original_title":"엄마의 유혹","original_language":"ko","title":"Mother's Seduction","vote_average":4,"overview":"Jung-sik helps out a friend and finds himself attracted to his friend's mother. After being caught steeling the mother's underwear, he becomes the victim of the mother's seduction.","release_date":"2018-07-31"},{"release_date":"2018-05-17","id":559638,"vote_count":1,"video":false,"media_type":"movie","vote_average":8,"title":"An Affair: My Wife's Friend","genre_ids":[10749],"original_title":"정사 : 아내의 친구","original_language":"ko","adult":false,"backdrop_path":"\/2TJRC0tCSrbPWjerFh7lrE16D2.jpg","overview":"The wife's friend fills in for the wife on lonely nights!  Hyun-joo quits her job and gets kicked out of the house she can't pay for. In the end, she stays at Hye-jin's while she looks for a job.","poster_path":"\/lKO2zwq0E93aKpdwzK171W3Lqlt.jpg"}],"name":"Yoo Sul-young"},{"popularity":39.036,"known_for_department":"Acting","gender":1,"id":1972707,"profile_path":"\/mwCGuJJNfwY5MdeY3INVHaZWR5A.jpg","adult":false,"known_for":[{"original_name":"La casa de papel","vote_count":8537,"poster_path":"\/MoEKaPFHABtA1xKoOteirGaHl1.jpg","media_type":"tv","name":"Money Heist","vote_average":8.4,"id":71446,"first_air_date":"2017-05-02","original_language":"es","genre_ids":[80,18],"backdrop_path":"\/xGexTKCJDkl12dTW4YCBDXWb1AD.jpg","overview":"To carry out the biggest heist in history, a mysterious man called The Professor recruits a band of eight robbers who have a single characteristic: none of them has anything to lose. Five months of seclusion - memorizing every step, every detail, every probability - culminate in eleven days locked up in the National Coinage and Stamp Factory of Spain, surrounded by police forces and with dozens of hostages in their power, to find out whether their suicide wager will lead to everything or nothing.","origin_country":["ES"]},{"release_date":"2020-04-03","id":689249,"vote_count":364,"video":false,"media_type":"movie","vote_average":7.8,"title":"Money Heist: The Phenomenon","genre_ids":[99],"original_title":"La casa de papel: El fenómeno","original_language":"es","adult":false,"backdrop_path":"\/yEBBtk1eyZltGgJt8Z2zi3KIvvX.jpg","overview":"A documentary on why and how 'Money Heist' sparked a wave of enthusiasm around the world for a lovable group of thieves and their professor.","poster_path":"\/AboUXTrDWEi0PuZUqaft0iwBTm7.jpg"},{"original_name":"Antes de perder","id":87421,"origin_country":["ES"],"name":"Antes de perder","backdrop_path":"\/sOILcQ3bQlr47DBnGygBVSYdNai.jpg","original_language":"es","first_air_date":"2019-03-07","genre_ids":[35,10759],"vote_count":1,"media_type":"tv","vote_average":9,"overview":"","poster_path":"\/4B5gQUf9YJ47D2zSKNgI07RoPUr.jpg"}],"name":"Esther Acebo"},{"popularity":38.497,"known_for_department":"Acting","gender":1,"id":1949148,"profile_path":"\/fbXZxpfIYjN0uexfAELkOVPx1bi.jpg","adult":false,"known_for":[{"poster_path":"\/qVCZtwBGls866wBb4PAfYtAjyr8.jpg","id":254,"vote_count":5404,"video":false,"media_type":"movie","adult":false,"backdrop_path":"\/mRM2NB0i3wv4HqxXvwIjEVi4Qqq.jpg","genre_ids":[12,18,28],"original_title":"King Kong","original_language":"en","title":"King Kong","vote_average":6.8,"overview":"In 1933 New York, an overly ambitious movie producer coerces his cast and hired ship crew to travel to mysterious Skull Island, where they encounter Kong, a giant ape who is immediately smitten with the leading lady.","release_date":"2005-12-12"},{"original_name":"Spartacus","vote_count":1021,"poster_path":"\/bJXpunSgBIw2zVbKYNFWrOPGX50.jpg","media_type":"tv","name":"Spartacus","vote_average":7.9,"id":46296,"first_air_date":"2010-01-22","original_language":"en","genre_ids":[18],"backdrop_path":"\/jNK1APlyz0CZ8Z8InRwcnHdxSIS.jpg","overview":"Spartacus is an American television series inspired by the historical figure of Spartacus, a Thracian gladiator who from 73 to 71 BCE led a major slave uprising against the Roman Republic departing from Capua.","origin_country":["US"]},{"release_date":"2014-02-06","id":260203,"vote_count":21,"video":false,"media_type":"movie","vote_average":4.5,"title":"The Cure","genre_ids":[28,878,53],"original_title":"The Cure","original_language":"en","adult":false,"backdrop_path":"\/7oqncmSKrTefQ7NHDimVUwWbbse.jpg","overview":"When a young female scientist discovers that the pharmaceutical company she works for had developed a cure for cancer years earlier, she attempts to release it to the world. Knowing that they make more money from chemotherapy drugs than the cure, the company does everything it can to stop her.","poster_path":"\/pgEw2gAQz9jicsHt96pBqB0scay.jpg"}],"name":"Laura Surrich"},{"popularity":36.899,"known_for_department":"Acting","gender":1,"id":1283843,"profile_path":"\/9ExASXw097MyNuSy6N23fpkqpXq.jpg","adult":false,"known_for":[{"original_name":"La casa de papel","vote_count":8796,"poster_path":"\/MoEKaPFHABtA1xKoOteirGaHl1.jpg","media_type":"tv","name":"Money Heist","vote_average":8.4,"id":71446,"first_air_date":"2017-05-02","original_language":"es","genre_ids":[80,18],"backdrop_path":"\/xGexTKCJDkl12dTW4YCBDXWb1AD.jpg","overview":"To carry out the biggest heist in history, a mysterious man called The Professor recruits a band of eight robbers who have a single characteristic: none of them has anything to lose. Five months of seclusion - memorizing every step, every detail, every probability - culminate in eleven days locked up in the National Coinage and Stamp Factory of Spain, surrounded by police forces and with dozens of hostages in their power, to find out whether their suicide wager will lead to everything or nothing.","origin_country":["ES"]},{"original_name":"Vis a vis","vote_count":1307,"poster_path":"\/1kH9u5DkoDUuIlhFFWjz9VSlKhC.jpg","media_type":"tv","name":"Locked Up","vote_average":8.1,"id":62455,"first_air_date":"2015-04-20","original_language":"es","genre_ids":[18],"backdrop_path":"\/iukGFUQQWUdgwTGGDLb1Pw3GoZP.jpg","overview":"Set up to take the blame for corporate fraud, young Macarena Ferreiro is locked up in a high-security women's prison surrounded by tough, ruthless criminals in this tense, provocative Spanish thriller.","origin_country":["ES"]},{"release_date":"2020-04-03","id":689249,"vote_count":377,"video":false,"media_type":"movie","vote_average":7.7,"title":"Money Heist: The Phenomenon","genre_ids":[99],"original_title":"La casa de papel: El fenómeno","original_language":"es","adult":false,"backdrop_path":"\/yEBBtk1eyZltGgJt8Z2zi3KIvvX.jpg","overview":"A documentary on why and how 'Money Heist' sparked a wave of enthusiasm around the world for a lovable group of thieves and their professor.","poster_path":"\/AboUXTrDWEi0PuZUqaft0iwBTm7.jpg"}],"name":"Alba Flores"},{"popularity":36.714,"known_for_department":"Acting","gender":1,"id":1397778,"profile_path":"\/hwpqQBzL3vVSppnMIINc2RCHXgn.jpg","adult":false,"known_for":[{"release_date":"2017-01-09","id":381288,"vote_count":12792,"video":false,"media_type":"movie","vote_average":7.3,"title":"Split","genre_ids":[27,53],"original_title":"Split","original_language":"en","adult":false,"backdrop_path":"\/9pkZesKMnblFfKxEhQx45YQ2kIe.jpg","overview":"Though Kevin has evidenced 23 personalities to his trusted psychiatrist, Dr. Fletcher, there remains one still submerged who is set to materialize and dominate all the others. Compelled to abduct three teenage girls led by the willful, observant Casey, Kevin reaches a war for survival among all of those contained within him — as well as everyone around him — as the walls between his compartments shatter apart.","poster_path":"\/kBvO58pt13dgYImjZNjq6QiOT8n.jpg"},{"release_date":"2019-01-16","id":450465,"vote_count":5484,"video":false,"media_type":"movie","vote_average":6.6,"title":"Glass","genre_ids":[18,878,53],"original_title":"Glass","original_language":"en","adult":false,"backdrop_path":"\/ngBFDOsx13sFXiMweDoL54XYknR.jpg","overview":"In a series of escalating encounters, former security guard David Dunn uses his supernatural abilities to track Kevin Wendell Crumb, a disturbed man who has twenty-four personalities. Meanwhile, the shadowy presence of Elijah Price emerges as an orchestrator who holds secrets critical to both men.","poster_path":"\/svIDTNUoajS8dLEo7EosxvyAsgJ.jpg"},{"release_date":"2015-11-11","id":310131,"vote_count":4032,"video":false,"media_type":"movie","vote_average":6.7,"title":"The Witch","genre_ids":[18,27,9648],"original_title":"The Witch","original_language":"en","adult":false,"backdrop_path":"\/7nRrq4GGHd2RctkPJOB8u6aq1P0.jpg","overview":"In 1630s New England, William and Katherine lead a devout Christian life with five children, homesteading on the edge of an impassable wilderness, exiled from their settlement when William defies the local church. When their newborn son vanishes and crops mysteriously fail, the family turns on one another.","poster_path":"\/o384OC1tCV8nCnozkM6y4MiSqsw.jpg"}],"name":"Anya Taylor-Joy"},{"popularity":36.019,"known_for_department":"Acting","gender":1,"id":1042728,"profile_path":"\/wZkK15LnloSAhzs1jxI3AZbR6f0.jpg","adult":false,"known_for":[{"original_name":"La casa de papel","vote_count":8644,"poster_path":"\/MoEKaPFHABtA1xKoOteirGaHl1.jpg","media_type":"tv","name":"Money Heist","vote_average":8.4,"id":71446,"first_air_date":"2017-05-02","original_language":"es","genre_ids":[80,18],"backdrop_path":"\/xGexTKCJDkl12dTW4YCBDXWb1AD.jpg","overview":"To carry out the biggest heist in history, a mysterious man called The Professor recruits a band of eight robbers who have a single characteristic: none of them has anything to lose. Five months of seclusion - memorizing every step, every detail, every probability - culminate in eleven days locked up in the National Coinage and Stamp Factory of Spain, surrounded by police forces and with dozens of hostages in their power, to find out whether their suicide wager will lead to everything or nothing.","origin_country":["ES"]},{"release_date":"2020-04-03","id":689249,"vote_count":371,"video":false,"media_type":"movie","vote_average":7.7,"title":"Money Heist: The Phenomenon","genre_ids":[99],"original_title":"La casa de papel: El fenómeno","original_language":"es","adult":false,"backdrop_path":"\/yEBBtk1eyZltGgJt8Z2zi3KIvvX.jpg","overview":"A documentary on why and how 'Money Heist' sparked a wave of enthusiasm around the world for a lovable group of thieves and their professor.","poster_path":"\/AboUXTrDWEi0PuZUqaft0iwBTm7.jpg"},{"release_date":"2015-03-03","id":264729,"vote_count":200,"video":false,"media_type":"movie","vote_average":6.1,"title":"Off Course","genre_ids":[35,10749],"original_title":"Perdiendo el norte","original_language":"es","adult":false,"backdrop_path":"\/lj2yai6uIkP536Oql5dwdXt08oH.jpg","overview":"Two young Spanish men, with a university education, are tired of unemployment and decide to move to Germany. But soon they will find out that finding a better living is not as easy as they expected.","poster_path":"\/mhZWzcIvU5ind2q56qDDoDwKZv1.jpg"}],"name":"Úrsula Corberó"},{"popularity":35.242,"known_for_department":"Acting","name":"Jackie Chan","id":18897,"profile_path":"\/sVuTm1w5G6ofrx4lRjy64D7MRiS.jpg","adult":false,"known_for":[{"poster_path":"\/wWt4JYXTg5Wr3xBW2phBrMKgp3x.jpg","vote_count":7641,"video":false,"media_type":"movie","id":9502,"adult":false,"backdrop_path":"\/ykdS8bR7eKwjANHeVSSsdyU45ia.jpg","original_language":"en","original_title":"Kung Fu Panda","genre_ids":[12,16,35,10751],"title":"Kung Fu Panda","vote_average":7.1,"overview":"When the Valley of Peace is threatened, lazy Po the panda discovers his destiny as the \"chosen one\" and trains to become a kung fu hero, but transforming the unsleek slacker into a brave warrior won't be easy. It's up to Master Shifu and the Furious Five -- Tigress, Crane, Mantis, Viper and Monkey -- to give it a try.","release_date":"2008-06-04"},{"poster_path":"\/mtqqD00vB4PGRt20gWtGqFhrkd0.jpg","vote_count":4515,"video":false,"media_type":"movie","id":49444,"adult":false,"backdrop_path":"\/iKJNE3QV0wEc9VMFuHYSZVhmSN9.jpg","original_language":"en","original_title":"Kung Fu Panda 2","genre_ids":[16,10751],"title":"Kung Fu Panda 2","vote_average":6.8,"overview":"Po is now living his dream as The Dragon Warrior, protecting the Valley of Peace alongside his friends and fellow kung fu masters, The Furious Five - Tigress, Crane, Mantis, Viper and Monkey. But Po’s new life of awesomeness is threatened by the emergence of a formidable villain, who plans to use a secret, unstoppable weapon to conquer China and destroy kung fu. It is up to Po and The Furious Five to journey across China to face this threat and vanquish it. But how can Po stop a weapon that can stop kung fu? He must look to his past and uncover the secrets of his mysterious origins; only then will he be able to unlock the strength he needs to succeed.","release_date":"2011-05-25"},{"poster_path":"\/tAMQREOoztvluqrfHiGHFVfB04B.jpg","vote_count":3962,"video":false,"media_type":"movie","id":38575,"adult":false,"backdrop_path":"\/y2Cl2LBYaabgtSLlOa4VqnOiNin.jpg","original_language":"en","original_title":"The Karate Kid","genre_ids":[28,12,18,10751],"title":"The Karate Kid","vote_average":6.4,"overview":"12-year-old Dre Parker could have been the most popular kid in Detroit, but his mother's latest career move has landed him in China. Dre immediately falls for his classmate Mei Ying but the cultural differences make such a friendship impossible. Even worse, Dre's feelings make him an enemy of the class bully, Cheng. With no friends in a strange land, Dre has nowhere to turn but maintenance man Mr. Han, who is a kung fu master. As Han teaches Dre that kung fu is not about punches and parries, but maturity and calm, Dre realizes that facing down the bullies will be the fight of his life.","release_date":"2010-06-10"}],"gender":2},{"popularity":34.072,"known_for_department":"Acting","gender":1,"id":543261,"profile_path":"\/52kqB0Bei1TaTBx2rABrijVhhTG.jpg","adult":false,"known_for":[{"release_date":"2014-07-30","id":118340,"vote_count":21063,"video":false,"media_type":"movie","vote_average":7.9,"title":"Guardians of the Galaxy","genre_ids":[28,12,878],"original_title":"Guardians of the Galaxy","original_language":"en","adult":false,"backdrop_path":"\/mZSAu5acXueGC4Z3S5iLSWx8AEp.jpg","overview":"Light years from Earth, 26 years after being abducted, Peter Quill finds himself the prime target of a manhunt after discovering an orb wanted by Ronan the Accuser.","poster_path":"\/r7vmZjiyZw9rpJMQJdXpjgiCOk9.jpg"},{"release_date":"2018-04-25","id":299536,"vote_count":19420,"video":false,"media_type":"movie","vote_average":8.3,"title":"Avengers: Infinity War","genre_ids":[28,12,878],"original_title":"Avengers: Infinity War","original_language":"en","adult":false,"backdrop_path":"\/bOGkgRGdhrBYJSLpXaxhXVstddV.jpg","overview":"As the Avengers and their allies have continued to protect the world from threats too large for any one hero to handle, a new danger has emerged from the cosmic shadows: Thanos. A despot of intergalactic infamy, his goal is to collect all six Infinity Stones, artifacts of unimaginable power, and use them to inflict his twisted will on all of reality. Everything the Avengers have fought for has led up to this moment - the fate of Earth and existence itself has never been more uncertain.","poster_path":"\/7WsyChQLEftFiDOVTGkv3hFpyyt.jpg"},{"release_date":"2017-04-19","id":283995,"vote_count":15303,"video":false,"media_type":"movie","vote_average":7.6,"title":"Guardians of the Galaxy Vol. 2","genre_ids":[28,12,35,878],"original_title":"Guardians of the Galaxy Vol. 2","original_language":"en","adult":false,"backdrop_path":"\/aJn9XeesqsrSLKcHfHP4u5985hn.jpg","overview":"The Guardians must fight to keep their newfound family together as they unravel the mysteries of Peter Quill's true parentage.","poster_path":"\/y4MBh0EjBlMuOzv9axM4qJlmhzz.jpg"}],"name":"Karen Gillan"},{"popularity":33.806,"known_for_department":"Writing","gender":1,"id":2092377,"profile_path":"\/7apzuPFVjFNXHjE2G67fosdrGs2.jpg","adult":false,"known_for":[{"poster_path":"\/nEmw1fZOQp2qFGdrak3ipCbe31G.jpg","id":537971,"vote_count":4,"video":true,"media_type":"movie","adult":false,"backdrop_path":"\/9aUcoMDARruvlgC0MQXLCsznqbp.jpg","genre_ids":[18,99],"original_title":"Mia","original_language":"es","title":"Mia","vote_average":5,"overview":"Mia recounts her most intimate confessions, uncensored, in her first approach to a totally new world of domination and submission.","release_date":"2017-12-17"}],"name":"Aya Wolf"},{"popularity":31.807,"known_for_department":"Acting","name":"Tom Hanks","id":31,"profile_path":"\/dXlQ1ID6lnR5Av2Awn7OpUhqV8G.jpg","adult":false,"known_for":[{"poster_path":"\/clolk7rB5lAjs41SD0Vt6IXYLMm.jpg","vote_count":18709,"video":false,"media_type":"movie","id":13,"adult":false,"backdrop_path":"\/7c9UVPPiTPltouxRVY6N9uugaVA.jpg","original_language":"en","original_title":"Forrest Gump","genre_ids":[35,18,10749],"title":"Forrest Gump","vote_average":8.5,"overview":"A man with a low IQ has accomplished great things in his life and been present during significant historic events—in each case, far exceeding what anyone imagined he could do. But despite all he has achieved, his one true love eludes him.","release_date":"1994-07-06"},{"vote_count":12814,"id":862,"video":false,"media_type":"movie","vote_average":7.9,"title":"Toy Story","release_date":"1995-10-30","original_language":"en","original_title":"Toy Story","genre_ids":[16,35,10751],"backdrop_path":"\/lxD5ak7BOoinRNehOCA85CQ8ubr.jpg","adult":false,"overview":"Led by Woody, Andy's toys live happily in his room until Andy's birthday brings Buzz Lightyear onto the scene. Afraid of losing his place in Andy's heart, Woody plots against Buzz. But when circumstances separate Buzz and Woody from their owner, the duo eventually learns to put aside their differences.","poster_path":"\/uXDfjJbdP4ijW5hWSBrPrlKpxab.jpg"},{"poster_path":"\/velWPhVMQeQKcxggNEU8YmIo52R.jpg","vote_count":10758,"video":false,"media_type":"movie","id":497,"adult":false,"backdrop_path":"\/xMIyotorUv2Yz7zpQz2QYc8wkWB.jpg","original_language":"en","original_title":"The Green Mile","genre_ids":[80,18,14],"title":"The Green Mile","vote_average":8.5,"overview":"A supernatural tale set on death row in a Southern prison, where gentle giant John Coffey possesses the mysterious power to heal people's ailments. When the cell block's head guard, Paul Edgecomb, recognizes Coffey's miraculous gift, he tries desperately to help stave off the condemned man's execution.","release_date":"1999-12-10"}],"gender":2}]}