{"page":1,"results":[{"adult":false,"backdrop_path":"/P4bGyJQF0shAcRku3I2perNUQR.jpg","genre_ids":[28,80],"id":23483,"original_language":"en","original_title":"Kick-Ass","overview":"Dave Lizewski is an unnoticed high school student and comic book fan who one day decides to become a super-hero, even though he has no powers, training or meaningful reason to do so.","poster_path":"/GPiMXaDC2NdDIldLgtijHFTeKH.jpg","release_date":"2010-03-22","title":"Kick-Ass","video":false,"vote_average":7.1,"vote_count":8779,"popularity":24.985},{"id":398181,"video":false,"vote_count":1593,"vote_average":6.5,"title":"You Were Never Really Here","release_date":"2017-12-12","original_language":"en","original_title":"You Were Never Really Here","genre_ids":[18,53],"backdrop_path":"/5kjNfOfiGr5D8OpwNPqvTPQ7pEQ.jpg","adult":false,"overview":"A traumatised veteran, unafraid of violence, tracks down missing girls for a living. When a job spins out of control, Joe's nightmares overtake him as a conspiracy is uncovered leading to what may be his death trip or his awakening.","poster_path":"/ktPbjD6nYg5NxmeTt72Iqaw5GD0.jpg","popularity":20.76},{"id":261023,"video":false,"vote_count":2425,"vote_average":6.4,"title":"Black Mass","release_date":"2015-09-04","original_language":"en","original_title":"Black Mass","genre_ids":[80,18],"backdrop_path":"/pe62E0ZXfpYFdEJ7HxWqyCF12Uj.jpg","adult":false,"overview":"The true story of Whitey Bulger, the brother of a state senator and the most infamous violent criminal in the history of South Boston, who became an FBI informant to take down a Mafia family invading his turf.","poster_path":"/nSbpuyd2UySuW7kaoXzYUfes1Bl.jpg","popularity":18.45},{"id":4997,"video":false,"vote_count":160,"vote_average":6.2,"title":"Wonderland","release_date":"2003-10-23","original_language":"en","original_title":"Wonderland","genre_ids":[80],"backdrop_path":"/gzQSgX1AOzrsp8kxfHsTdMAHD3y.jpg","adult":false,"overview":"On the afternoon of July 1, 1981, Los Angeles police responded to a distress call on Wonderland Avenue and discovered a grisly quadruple homicide. The police investigation that followed uncovered two versions of the events leading up to the brutal murders - both involving legendary porn actor John Holmes.","poster_path":"/mfG8S7D4rYeVqvTzjc3D36PAK3R.jpg","popularity":13.852},{"id":2001,"video":false,"vote_count":821,"vote_average":6.7,"title":"We Own the Night","release_date":"2007-10-09","original_language":"en","original_title":"We Own the Night","genre_ids":[80,18,53],"backdrop_path":"/syO4HCR4t3tz6TX9CbYlW9fTQX3.jpg","adult":false,"overview":"A New York nightclub manager tries to save his brother and father from Russian mafia hitmen.","poster_path":"/4WZa4ktiaAIEZPcyb4vnmOSYLjm.jpg","popularity":13.964},{"id":399366,"video":false,"vote_count":709,"vote_average":7.1,"title":"Marrowbone","release_date":"2017-10-27","original_language":"en","original_title":"Marrowbone","genre_ids":[18,27,9648,53],"backdrop_path":"/5Dd6HYOSzodtsoVKUR7H6442XRm.jpg","adult":false,"overview":"A young man and his three younger siblings are plagued by a sinister presence in the sprawling manor in which they live.","poster_path":"/iX77zMSqUv2Qt7ToEnN2mmEudEf.jpg","popularity":16.616},{"id":464052,"video":false,"vote_count":0,"vote_average":0.0,"title":"Wonder Woman 1984","release_date":"2020-09-30","original_language":"en","original_title":"Wonder Woman 1984","genre_ids":[28,12,14],"backdrop_path":"/oQs0rp5fpmRyHoYXHJTjyWzC9xq.jpg","adult":false,"overview":"Wonder Woman comes into conflict with the Soviet Union during the Cold War in the 1980s and finds a formidable foe by the name of the Cheetah.","poster_path":"/di1bCAfGoJ0BzNEavLsPyxQ2AaB.jpg","popularity":44.308},{"id":13183,"video":false,"vote_count":6212,"vote_average":7.3,"title":"Watchmen","release_date":"2009-03-05","original_language":"en","original_title":"Watchmen","genre_ids":[28,9648,878],"backdrop_path":"/dH7ia3vtkYCa3CBvDnvVjqm9uiQ.jpg","adult":false,"overview":"In a gritty and alternate 1985 the glory days of costumed vigilantes have been brought to a close by a government crackdown, but after one of the masked veterans is brutally murdered, an investigation into the killer is initiated. The reunited heroes set out to prevent their own destruction, but in doing so uncover a sinister plot that puts all of humanity in grave danger.","poster_path":"/aZvOkdo203bm1kpcY0A0Tn074ER.jpg","popularity":31.872},{"id":321258,"video":false,"vote_count":2758,"vote_average":5.9,"title":"The Boy","release_date":"2016-01-22","original_language":"en","original_title":"The Boy","genre_ids":[27,9648,53],"backdrop_path":"/mRUW8rmpCS2kH22eihPbbMIbFxU.jpg","adult":false,"overview":"An American nanny is shocked that her new English family's boy is actually a life-sized doll. After she violates a list of strict rules, disturbing events make her believe that the doll is really alive.","poster_path":"/8zObFCn79YqWP4ssCliPpEjAgPF.jpg","popularity":24.05},{"id":238636,"video":false,"vote_count":4616,"vote_average":6.6,"title":"The Purge: Anarchy","release_date":"2014-07-17","original_language":"en","original_title":"The Purge: Anarchy","genre_ids":[27,53],"backdrop_path":"/kFFyh3mPukknIQBPMinoSeZIUOq.jpg","adult":false,"overview":"One night per year, the government sanctions a 12-hour period in which citizens can commit any crime they wish -- including murder -- without fear of punishment or imprisonment. Leo, a sergeant who lost his son, plans a vigilante mission of revenge during the mayhem. However, instead of a death-dealing avenger, he becomes the unexpected protector of four innocent strangers who desperately need his help if they are to survive the night.","poster_path":"/f2HD5iVhJWWv72QVWThUKk09zYy.jpg","popularity":30.555},{"id":242643,"video":false,"vote_count":700,"vote_average":7.3,"title":"Batman: Assault on Arkham","release_date":"2014-08-12","original_language":"en","original_title":"Batman: Assault on Arkham","genre_ids":[28,16,80,53],"backdrop_path":"/bAM1hVZEQRo1ZujryQ47bOtxEe8.jpg","adult":false,"overview":"Based on the hit video game series, Batman must find a bomb planted by the Joker while dealing with a mysterious team of villains called the Suicide Squad.","poster_path":"/mmQZekxr9gJ7c0Grkx6xgKvrpDy.jpg","popularity":21.106},{"adult":false,"backdrop_path":"/l2QlhHlggJEaPdgkfpTt0IA2mHT.jpg","genre_ids":[80,18,53],"id":26390,"original_language":"en","original_title":"Brooklyn's Finest","overview":"Enforcing the law within the notoriously rough Brownsville section of the city and especially within the Van Dyke housing projects is the NYPD's sixty-fifth precinct. Three police officers struggle with the sometimes fine line between right and wrong.","poster_path":"/9ZyJJpMsc3bF8gduDaxo0zo1gwK.jpg","release_date":"2009-01-16","title":"Brooklyn's Finest","video":false,"vote_average":6.4,"vote_count":574,"popularity":17.638},{"id":458723,"video":false,"vote_count":4274,"vote_average":7.0,"title":"Us","release_date":"2019-03-14","original_language":"en","original_title":"Us","genre_ids":[27,9648,53],"backdrop_path":"/ADJ6V8W96It4KElY2SPZvkKPBR.jpg","adult":false,"overview":"Husband and wife Gabe and Adelaide Wilson take their kids to their beach house expecting to unplug and unwind with friends. But as night descends, their serenity turns to tension and chaos when some shocking visitors arrive uninvited.","poster_path":"/ux2dU1jQ2ACIMShzB3yP93Udpzc.jpg","popularity":30.399},{"adult":false,"backdrop_path":"/fAYDVvaOB04kE707xiwpsS49Zaq.jpg","genre_ids":[18,9648,53],"id":35052,"original_language":"en","original_title":"Cracks","overview":"Jealousy flares after the headmistress of an elite boarding school for girls becomes obsessed with a new student.","poster_path":"/q9lBffjloHuPrNYtYDchnYugCnr.jpg","release_date":"2009-12-04","title":"Cracks","video":false,"vote_average":6.6,"vote_count":229,"popularity":12.481},{"adult":false,"backdrop_path":"/r4clWIxKeWoqrHspQP0XunuUmB7.jpg","genre_ids":[28,878,53,27],"id":442249,"original_language":"en","original_title":"The First Purge","overview":"To push the crime rate below one percent for the rest of the year, the New Founding Fathers of America test a sociological theory that vents aggression for one night in one isolated community. But when the violence of oppressors meets the rage of the others, the contagion will explode from the trial-city borders and spread across the nation.","poster_path":"/litjsBoiydO6JlO70uOX4N3WnNL.jpg","release_date":"2018-07-04","title":"The First Purge","video":false,"vote_average":5.9,"vote_count":2552,"popularity":37.565},{"id":49021,"video":false,"vote_count":1386,"vote_average":6.3,"title":"Killer Elite","release_date":"2011-09-23","original_language":"en","original_title":"Killer Elite","genre_ids":[28,12,53],"backdrop_path":"/vY3JxJp260Ypwebk4bS22OjrXHN.jpg","adult":false,"overview":"Based on a shocking true story, Killer Elite pits two of the world’s most elite operatives—Danny, an ex-special ops agent and Hunter, his longtime mentor—against the cunning leader of a secret military society. Covering the globe from Australia to Paris, London and the Middle East, Danny and Hunter are plunged into a highly dangerous game of cat and mouse—where the predators become the prey.","poster_path":"/7O2U0WPFPSvNSUYZlhbnV081lBF.jpg","popularity":15.264},{"id":471474,"video":false,"vote_count":404,"vote_average":6.6,"title":"Batman: Gotham by Gaslight","release_date":"2018-01-12","original_language":"en","original_title":"Batman: Gotham by Gaslight","genre_ids":[28,16,878,53],"backdrop_path":"/9ojJB7vZR2uDqXdxOzYaADthEBT.jpg","adult":false,"overview":"In an alternative Victorian Age Gotham City, Batman begins his war on crime while he investigates a new series of murders by Jack the Ripper.","poster_path":"/7souLi5zqQCnpZVghaXv0Wowi0y.jpg","popularity":21.86},{"id":44912,"video":false,"vote_count":5202,"vote_average":5.1,"title":"Green Lantern","release_date":"2011-06-16","original_language":"en","original_title":"Green Lantern","genre_ids":[28,12,878,53],"backdrop_path":"/8EZ3hY4zhSorcRt4WtoaydsG3Ts.jpg","adult":false,"overview":"For centuries, a small but powerful force of warriors called the Green Lantern Corps has sworn to keep intergalactic order. Each Green Lantern wears a ring that grants him superpowers. But when a new enemy called Parallax threatens to destroy the balance of power in the Universe, their fate and the fate of Earth lie in the hands of the first human ever recruited.","poster_path":"/fj21HwUprqjjwTdkKC1XZurRSpV.jpg","popularity":30.148},{"id":141,"video":false,"vote_count":8482,"vote_average":7.8,"title":"Donnie Darko","release_date":"2001-10-26","original_language":"en","original_title":"Donnie Darko","genre_ids":[18,14,9648],"backdrop_path":"/8eLXy49T36e0e1YhYvUQOCXNRhm.jpg","adult":false,"overview":"After narrowly escaping a bizarre accident, a troubled teenager is plagued by visions of a large bunny rabbit that manipulates him to commit a series of crimes.","poster_path":"/fhQoQfejY1hUcwyuLgpBrYs6uFt.jpg","popularity":28.611},{"id":298312,"video":false,"vote_count":3182,"vote_average":6.2,"title":"The Visit","release_date":"2015-09-10","original_language":"en","original_title":"The Visit","genre_ids":[27,9648,53],"backdrop_path":"/v67U7iwuIR4KtNS76ClIIhEzynT.jpg","adult":false,"overview":"A brother and sister are sent to their grandparents' remote Pennsylvania farm for a week, where they discover that the elderly couple is involved in something deeply disturbing.","poster_path":"/hDrToKMpKYTdwdpOhshL8ko6WVp.jpg","popularity":15.443}],"total_pages":26,"total_results":502}