{"results":[{"popularity":346.971,"vote_count":303,"video":false,"poster_path":"\/k68nPLbIST6NP96JmTxmZijEvCA.jpg","id":577922,"adult":false,"backdrop_path":"\/wzJRB4MKi3yK138bJyuL9nx47y6.jpg","original_language":"en","original_title":"Tenet","genre_ids":[28,53],"title":"Tenet","vote_average":7.6,"overview":"Armed with only one word - Tenet - and fighting for the survival of the entire world, the Protagonist journeys through a twilight world of international espionage on a mission that will unfold in something beyond real time.","release_date":"2020-08-22"},{"popularity":268.52,"vote_count":106,"video":false,"poster_path":"\/A3z0KMLIEGL22mVrgaV7KDxKRmT.jpg","id":539885,"adult":false,"backdrop_path":"\/ekkuqt9Q2ad1F7xq2ZONP0oq36P.jpg","original_language":"en","original_title":"Ava","genre_ids":[28,80,18,53],"title":"Ava","vote_average":6.5,"overview":"A black ops assassin is forced to fight for her own survival after a job goes dangerously wrong.","release_date":"2020-08-06"},{"popularity":117.016,"vote_count":17,"video":false,"poster_path":"\/xZNw9xxtwbEf25NYoz52KdbXHPM.jpg","id":340102,"adult":false,"backdrop_path":"\/2AFZyra0Ddwl2oBDhClvD1qSIL6.jpg","original_language":"en","original_title":"The New Mutants","genre_ids":[28,12,27,878],"title":"The New Mutants","vote_average":4.9,"overview":"Five young mutants, just discovering their abilities while held in a secret facility against their will, fight to escape their past sins and save themselves.","release_date":"2020-08-26"},{"popularity":67.831,"vote_count":0,"video":false,"poster_path":"\/aKx1ARwG55zZ0GpRvU2WrGrCG9o.jpg","id":337401,"adult":false,"backdrop_path":"\/xl5oCFLVMo4d4Pgxvrf8Jmc2IlA.jpg","original_language":"en","original_title":"Mulan","genre_ids":[28,18,14,10752],"title":"Mulan","vote_average":0,"overview":"When the Emperor of China issues a decree that one man per family must serve in the Imperial Chinese Army to defend the country from Huns, Hua Mulan, the eldest daughter of an honored warrior, steps in to take the place of her ailing father. She is spirited, determined and quick on her feet. Disguised as a man by the name of Hua Jun, she is tested every step of the way and must harness her innermost strength and embrace her true potential.","release_date":"2020-09-04"},{"popularity":65.994,"vote_count":97,"video":false,"poster_path":"\/zQFjMmE3K9AX5QrBL1SXIxYQ9jz.jpg","id":579583,"adult":false,"backdrop_path":"\/5rwcd24GGltKiqdPT4G2dmchLr9.jpg","original_language":"en","original_title":"The King of Staten Island","genre_ids":[35,18],"title":"The King of Staten Island","vote_average":6.7,"overview":"Scott has been a case of arrested development ever since his firefighter father died when he was seven. He’s now reached his mid-20s having achieved little, chasing a dream of becoming a tattoo artist that seems far out of reach. As his ambitious younger sister heads off to college, Scott is still living with his exhausted ER nurse mother and spends his days smoking weed, hanging with the guys — Oscar, Igor and Richie — and secretly hooking up with his childhood friend Kelsey. But when his mother starts dating a loudmouth firefighter named Ray, it sets off a chain of events that will force Scott to grapple with his grief and take his first tentative steps toward moving forward in life.","release_date":"2020-07-22"},{"popularity":65.974,"vote_count":39,"video":false,"poster_path":"\/dKjD3DTZjRI3Ipkf7Oz5zAILnwD.jpg","id":659991,"adult":false,"backdrop_path":"\/5nRyaVklxyA9OkxqZaPv1KBRqpd.jpg","original_language":"en","original_title":"Made in Italy","genre_ids":[35,18],"title":"Made in Italy","vote_average":6.2,"overview":"A bohemian artist travels from London to Italy with his estranged son to sell the house they inherited from his late wife.","release_date":"2020-08-06"},{"popularity":62.689,"vote_count":302,"video":false,"poster_path":"\/hPkqY2EMqWUnFEoedukilIUieVG.jpg","id":531876,"adult":false,"backdrop_path":"\/n1RohH2VoK1CdVI2fXvcP19dSlm.jpg","original_language":"en","original_title":"The Outpost","genre_ids":[28,18,36,10752],"title":"The Outpost","vote_average":6.7,"overview":"A small unit of U.S. soldiers, alone at the remote Combat Outpost Keating, located deep in the valley of three mountains in Afghanistan, battles to defend against an overwhelming force of Taliban fighters in a coordinated attack. The Battle of Kamdesh, as it was known, was the bloodiest American engagement of the Afghan War in 2009 and Bravo Troop 3-61 CAV became one of the most decorated units of the 19-year conflict.","release_date":"2020-06-24"},{"popularity":60.389,"vote_count":1068,"video":false,"poster_path":"\/7W0G3YECgDAfnuiHG91r8WqgIOe.jpg","id":446893,"adult":false,"backdrop_path":"\/qsxhnirlp7y4Ae9bd11oYJSX59j.jpg","original_language":"en","original_title":"Trolls World Tour","genre_ids":[12,16,35,14,10402,10751],"title":"Trolls World Tour","vote_average":7.6,"overview":"Queen Poppy and Branch make a surprising discovery — there are other Troll worlds beyond their own, and their distinct differences create big clashes between these various tribes. When a mysterious threat puts all of the Trolls across the land in danger, Poppy, Branch, and their band of friends must embark on an epic quest to create harmony among the feuding Trolls to unite them against certain doom.","release_date":"2020-03-12"},{"popularity":59.575,"vote_count":3,"video":false,"poster_path":"\/y9YLNfUOrqFbYl8q1FpQuuo5MLx.jpg","id":501979,"adult":false,"backdrop_path":"\/zeVs5f9zY5W4Lf0CUlFpsHDusnj.jpg","original_language":"en","original_title":"Bill & Ted Face the Music","genre_ids":[12,35,878],"title":"Bill & Ted Face the Music","vote_average":5,"overview":"Yet to fulfill their rock and roll destiny, the now middle aged best friends Bill and Ted set out on a new adventure when a visitor from the future warns them that only their song can save life as we know it. Along the way, they will be helped by their daughters, a new batch of historical figures, and a few music legends — to seek the song that will set their world right and bring harmony in the universe.","release_date":"2020-08-27"},{"popularity":59.061,"vote_count":77,"video":false,"poster_path":"\/7I8BmtqjLyyMf3EjrUEIQs0gFYw.jpg","id":625568,"adult":false,"backdrop_path":"\/e7bpDu3RKsjOYLSt9gHYT2c32Zd.jpg","original_language":"en","original_title":"Unhinged","genre_ids":[28,53],"title":"Unhinged","vote_average":6.2,"overview":"A case of road rage turns into full-blown terror when an unstable driver follows a woman and her son.","release_date":"2020-07-02"},{"popularity":53.302,"vote_count":462,"video":false,"poster_path":"\/yf5IuMW6GHghu39kxA0oFx7Bxmj.jpg","id":587792,"adult":false,"backdrop_path":"\/d7JUXVvjvVCXWs1mlpyO5ESdWdT.jpg","original_language":"en","original_title":"Palm Springs","genre_ids":[35,14,9648,10749],"title":"Palm Springs","vote_average":7.6,"overview":"When carefree Nyles and reluctant maid of honor Sarah have a chance encounter at a Palm Springs wedding, things get complicated when they find themselves unable to escape the venue, themselves, or each other.","release_date":"2020-07-10"},{"popularity":53.016,"vote_count":1304,"video":false,"poster_path":"\/wxPhn4ef1EAo5njxwBkAEVrlJJG.jpg","id":514847,"adult":false,"backdrop_path":"\/qfQ78ZKiouoM2yhAnfNblp9ijQE.jpg","original_language":"en","original_title":"The Hunt","genre_ids":[28,27,53],"title":"The Hunt","vote_average":6.6,"overview":"Twelve strangers wake up in a clearing. They don't know where they are—or how they got there. In the shadow of a dark internet conspiracy theory, ruthless elitists gather at a remote location to hunt humans for sport. But their master plan is about to be derailed when one of the hunted turns the tables on her pursuers.","release_date":"2020-03-11"},{"popularity":51.817,"vote_count":117,"video":false,"poster_path":"\/5MSDwUcqnGodFTvtlLiLKK0XKS.jpg","id":521034,"adult":false,"backdrop_path":"\/8PK4X8U3C79ilzIjNTkTgjmc4js.jpg","original_language":"en","original_title":"The Secret Garden","genre_ids":[18,14,10751],"title":"The Secret Garden","vote_average":7.2,"overview":"Mary Lennox is born in India to wealthy British parents who never wanted her. When her parents suddenly die, she is sent back to England to live with her uncle. She meets her sickly cousin, and the two children find a wondrous secret garden lost in the grounds of Misselthwaite Manor.","release_date":"2020-07-08"},{"popularity":47.597,"vote_count":2,"video":false,"poster_path":"\/ijcykNO87JLCgxUltTFqHwlK2yT.jpg","id":613504,"adult":false,"backdrop_path":"\/dZJJDmiwp0W1NE74SY5WV00v0Ec.jpg","original_language":"en","original_title":"After We Collided","genre_ids":[18,10749],"title":"After We Collided","vote_average":9,"overview":"Tessa finds herself struggling with her complicated relationship with Hardin; she faces a dilemma that could change their lives forever.","release_date":"2020-09-02"},{"popularity":39.853,"vote_count":588,"video":false,"poster_path":"\/myf3qzpeN0JbuFRPwSpJcz7rmAT.jpg","id":458305,"adult":false,"backdrop_path":"\/jZ4YdDCnfK4cO13do9J4JaT8d2O.jpg","original_language":"en","original_title":"Vivarium","genre_ids":[27,878,53],"title":"Vivarium","vote_average":5.9,"overview":"A young woman and her fiancé are in search of the perfect starter home. After following a mysterious real estate agent to a new housing development, the couple finds themselves trapped in a maze of identical houses and forced to raise an otherworldly child.","release_date":"2019-09-07"},{"popularity":39.753,"vote_count":640,"video":false,"poster_path":"\/4w1ItwCJCTtSi9nPfJC1vU6NIVg.jpg","id":413518,"adult":false,"backdrop_path":"\/AdqOBPw4PdtzOcfEuQuZ8MNeTKb.jpg","original_language":"it","original_title":"Pinocchio","genre_ids":[12,18,14,10751],"title":"Pinocchio","vote_average":6.9,"overview":"In this live-action adaptation of the beloved fairytale, old woodcarver Geppetto fashions a wooden puppet, Pinocchio, who magically comes to life. Pinocchio longs for adventure and is easily led astray, encountering magical beasts, fantastical spectacles, while making friends and foes along his journey. However, his dream is to become a real boy, which can only come true if he finally changes his ways.","release_date":"2019-12-19"},{"popularity":38.016,"vote_count":162,"video":false,"poster_path":"\/akHIQu8W3rOgT28r25ggXaKcQIr.jpg","id":480857,"adult":false,"backdrop_path":"\/e7tjpKP36Xd6BzyTMZo4AUe86VM.jpg","original_language":"en","original_title":"Radioactive","genre_ids":[18,36,10749],"title":"Radioactive","vote_average":6.3,"overview":"Tells the story of Nobel Prize winner Marie Curie and her extraordinary scientific discoveries — through the prism of her marriage to husband Pierre — and the seismic and transformative effects their discovery of radium had on the 20th century.","release_date":"2020-03-11"},{"popularity":31.585,"vote_count":94,"video":false,"poster_path":"\/kPotrGRJf9Z5qYECXv7BjubyFRp.jpg","id":491926,"adult":false,"backdrop_path":"\/8Hs8nRToMvHmLBodNSVqKEQAIJN.jpg","original_language":"en","original_title":"Resistance","genre_ids":[18,36,10752],"title":"Resistance","vote_average":7,"overview":"The story of a group of Jewish Boy Scouts who worked with the French Resistance to save the lives of ten thousand orphans during World War II.","release_date":"2020-03-27"},{"popularity":31.546,"vote_count":340,"video":false,"poster_path":"\/zGVbrulkupqpbwgiNedkJPyQum4.jpg","id":592350,"adult":false,"backdrop_path":"\/9guoVF7zayiiUq5ulKQpt375VIy.jpg","original_language":"ja","original_title":"僕のヒーローアカデミア THE MOVIE ヒーローズ：ライジング","genre_ids":[28,16],"title":"My Hero Academia: Heroes Rising","vote_average":8.7,"overview":"Class 1-A visits Nabu Island where they finally get to do some real hero work. The place is so peaceful that it's more like a vacation … until they're attacked by a villain with an unfathomable Quirk! His power is eerily familiar, and it looks like Shigaraki had a hand in the plan. But with All Might retired and citizens' lives on the line, there's no time for questions. Deku and his friends are the next generation of heroes, and they're the island's only hope.","release_date":"2019-12-20"},{"popularity":30.625,"vote_count":141,"video":false,"poster_path":"\/3ynPnBXQVT2Y0s19fDIPlWKUlxH.jpg","id":587496,"adult":false,"backdrop_path":"\/2gBMBfmQvHeOQQ5PiKiuxVdGs77.jpg","original_language":"en","original_title":"The Rental","genre_ids":[18,27,53],"title":"The Rental","vote_average":5.5,"overview":"Two couples on an oceanside getaway grow suspicious that the host of their seemingly perfect rental house may be spying on them. Before long, what should have been a celebratory weekend trip turns into something far more sinister.","release_date":"2020-07-23"}],"page":1,"total_results":229,"dates":{"maximum":"2020-09-22","minimum":"2020-09-03"},"total_pages":12}